
-- HotelChain table
CREATE TABLE HotelChain (
    central_office_address VARCHAR(255) NOT NULL,
    email_address VARCHAR(255),
    number_of_hotels INT CHECK (number_of_hotels >= 0),
    PRIMARY KEY (central_office_address)
);

-- Hotel table
CREATE TABLE Hotel (
    hotel_address VARCHAR(255) NOT NULL,
    central_office_address VARCHAR(255) NOT NULL,
    star_rating INT CHECK (star_rating >= 0 AND star_rating <= 5),
    hotel_email VARCHAR(255),
    PRIMARY KEY (hotel_address),
    FOREIGN KEY (central_office_address) REFERENCES HotelChain(central_office_address) ON DELETE CASCADE
);

-- Customer table
CREATE TABLE Customer (
    customer_ssn VARCHAR(20) NOT NULL,
    register_date DATE,
    customer_full_name VARCHAR(255),
    customer_address VARCHAR(255),
    payed_in_advance BOOLEAN,
    PRIMARY KEY (customer_ssn)
);

-- Room table
CREATE TABLE Room (
    room_number INT NOT NULL,
    hotel_address VARCHAR(255) NOT NULL,
    capacity INT CHECK (capacity >= 0),
    view VARCHAR(50),
    price DECIMAL(10, 2) CHECK (price >= 0),
    extendability BOOLEAN,
    booking_start_date DATE,
    booking_end_date DATE,
    room_status VARCHAR(50),
    PRIMARY KEY (room_number, hotel_address),
    FOREIGN KEY (hotel_address) REFERENCES Hotel(hotel_address) ON DELETE CASCADE
);

-- Employee table
CREATE TABLE Employee (
    employee_ssn VARCHAR(20) NOT NULL,
    hotel_address VARCHAR(255) NOT NULL,
    employee_full_name VARCHAR(255),
    employee_address VARCHAR(255),
    PRIMARY KEY (employee_ssn),
    FOREIGN KEY (hotel_address) REFERENCES Hotel(hotel_address) ON DELETE CASCADE
);

-- Archive table
CREATE TABLE Archive (
    id SERIAL PRIMARY KEY,
    information TEXT
);

-- HotelPhoneNumber table (Multi-valued attribute)
CREATE TABLE HotelPhoneNumber (
    hotel_address VARCHAR(255) NOT NULL,
    phone_number VARCHAR(20) NOT NULL,
    PRIMARY KEY (hotel_address, phone_number),
    FOREIGN KEY (hotel_address) REFERENCES Hotel(hotel_address) ON DELETE CASCADE
);

-- ChainPhoneNumber table (Multi-valued attribute)
CREATE TABLE ChainPhoneNumber (
    central_office_address VARCHAR(255) NOT NULL,
    phone_number VARCHAR(20) NOT NULL,
    PRIMARY KEY (central_office_address, phone_number),
    FOREIGN KEY (central_office_address) REFERENCES HotelChain(central_office_address) ON DELETE CASCADE
);

-- Defect table (Multi-valued attribute)
CREATE TABLE Defect (
    room_number INT NOT NULL,
    hotel_address VARCHAR(255) NOT NULL,
    defect_description TEXT,
    PRIMARY KEY (room_number, hotel_address),
    FOREIGN KEY (room_number, hotel_address) REFERENCES Room(room_number, hotel_address) ON DELETE CASCADE
);

-- Amenity table (Multi-valued attribute)
CREATE TABLE Amenity (
    amenity_id SERIAL PRIMARY KEY,
    amenity_name VARCHAR(255) NOT NULL
);

-- RoomAmenity junction table to manage the many-to-many relationship between Room and Amenity
CREATE TABLE RoomAmenity (
    room_number INT NOT NULL,
    amenity_id INT NOT NULL,
    hotel_address VARCHAR(255) NOT NULL,
    PRIMARY KEY (room_number, hotel_address, amenity_id),
    FOREIGN KEY (room_number, hotel_address) REFERENCES Room(room_number, hotel_address) ON DELETE CASCADE,
    FOREIGN KEY (amenity_id) REFERENCES Amenity(amenity_id) ON DELETE CASCADE
);

-- Booking table (relationship)
CREATE TABLE Booking (
    customer_ssn VARCHAR(20) NOT NULL,
    room_number INT NOT NULL,
    hotel_address VARCHAR(255) NOT NULL,
    booking_date DATE,
    PRIMARY KEY (customer_ssn, room_number, hotel_address, booking_date),
    FOREIGN KEY (customer_ssn) REFERENCES Customer(customer_ssn) ON DELETE CASCADE,
    FOREIGN KEY (room_number, hotel_address) REFERENCES Room(room_number, hotel_address) ON DELETE CASCADE
);

--Renting table (relationship)
CREATE TABLE Renting (
    room_number INT NOT NULL,
    hotel_address VARCHAR(255) NOT NULL,
    customer_ssn VARCHAR(20) NOT NULL,
    employee_ssn VARCHAR(20) NOT NULL,
    renting_start_date DATE,
    PRIMARY KEY (room_number, hotel_address, customer_ssn, employee_ssn, renting_start_date),
    FOREIGN KEY (room_number, hotel_address) REFERENCES Room(room_number, hotel_address) ON DELETE CASCADE,
    FOREIGN KEY (customer_ssn) REFERENCES Customer(customer_ssn) ON DELETE CASCADE,
    FOREIGN KEY (employee_ssn) REFERENCES Employee(employee_ssn) ON DELETE CASCADE
);

-- Manages table (relationship)
CREATE TABLE Manages (
    employee_ssn VARCHAR(20) NOT NULL,
    hotel_address VARCHAR(255) NOT NULL,
    PRIMARY KEY (employee_ssn, hotel_address),
    FOREIGN KEY (employee_ssn) REFERENCES Employee(employee_ssn) ON DELETE CASCADE,
    FOREIGN KEY (hotel_address) REFERENCES Hotel(hotel_address) ON DELETE CASCADE
);


-- Data for the 5 Hotel Chains
INSERT INTO HotelChain (central_office_address, email_address, number_of_hotels)
VALUES 
    ('Hezi Grand Heights HQ, New York, New York, United States', 'info@hezigrandhotels.com', 12),
    ('Emerald Hills Inc. HQ, Los Angeles, California, United States', 'info@emeraldhills.com', 8),
    ('Mounir Luxury Resorts HQ, Miami, Florida, United States', 'info@mounirluxuryresorts.com', 15),
    ('Sunset Vista Hotels HQ, Ottawa, Ontario, Canada', 'info@sunsetvistahotels.com', 8),
    ('ZouZou International HQ, Beirut, Lebanon', 'info@zouzouinternational.com', 19);

-- Data for all Hotels
INSERT INTO Hotel (hotel_address, central_office_address, star_rating, hotel_email)
VALUES
    ('001 Hezi St, Montreal, Quebec, Canada', 'Hezi Grand Heights HQ, New York, New York, United States', 4, 'info1@hezigrandhotels.com'),
    ('002 Hezi St, New York, New York, United States', 'Hezi Grand Heights HQ, New York, New York, United States', 4, 'info2@hezigrandhotels.com'),
    ('003 Hezi Blvd, Toronto, Ontario, Canada', 'Hezi Grand Heights HQ, New York, New York, United States', 4, 'info3@hezigrandhotels.com'),
    ('004 Hezi Rd, New York, New York, United States', 'Hezi Grand Heights HQ, New York, New York, United States', 4, 'info4@hezigrandhotels.com'),
    ('005 Hezi Ave, Los Angeles, California, United States', 'Hezi Grand Heights HQ, New York, New York, United States', 5, 'info5@hezigrandhotels.com'),
    ('006 Hezi St, New York, New York, United States', 'Hezi Grand Heights HQ, New York, New York, United States', 5, 'info6@hezigrandhotels.com'),
    ('007 Hezi St, Toronto, Ontario, Canada', 'Hezi Grand Heights HQ, New York, New York, United States', 5, 'info7@hezigrandhotels.com'),
    ('008 Hezi Rd, New York, New York, United States', 'Hezi Grand Heights HQ, New York, New York, United States', 3, 'info8@hezigrandhotels.com'),
    ('009 Hezi St, Ottawa, Ontario, Canada', 'Hezi Grand Heights HQ, New York, New York, United States', 3, 'info9@hezigrandhotels.com'),
    ('010 Hezi Ave, Toronto, Ontario, Canada', 'Hezi Grand Heights HQ, New York, New York, United States', 3, 'info10@hezigrandhotels.com'),
    ('011 Hezi St, Los Angeles, California, United States', 'Hezi Grand Heights HQ, New York, New York, United States', 4, 'info11@hezigrandhotels.com'),
    ('012 Hezi St, Las Vegas, Nevada, United States', 'Hezi Grand Heights HQ, New York, New York, United States', 4, 'info12@hezigrandhotels.com');

INSERT INTO Hotel (hotel_address, central_office_address, star_rating, hotel_email)
VALUES
    ('101 Emerald Blvd, Ottawa, Ontario, Canada', 'Emerald Hills Inc. HQ, Los Angeles, California, United States', 4, 'info1@emeraldhills.com'),
    ('102 Emerald Rd, New York, New York, United States', 'Emerald Hills Inc. HQ, Los Angeles, California, United States', 4, 'info2@emeraldhills.com'),
    ('103 Emerald Ave, Los Angeles, California, United States', 'Emerald Hills Inc. HQ, Los Angeles, California, United States', 4, 'info3@emeraldhills.com'),
    ('104 Emerald St, Los Angeles, California, United States', 'Emerald Hills Inc. HQ, Los Angeles, California, United States', 4, 'info4@emeraldhills.com'),
    ('105 Emerald Blvd, Los Angeles, California, United States', 'Emerald Hills Inc. HQ, Los Angeles, California, United States', 5, 'info5@emeraldhills.com'),
    ('106 Emerald Rd, New York, New York, United States', 'Emerald Hills Inc. HQ, Los Angeles, California, United States', 5, 'info6@emeraldhills.com'),
    ('107 Emerald Ave, Las Vegas, Nevada, United States', 'Emerald Hills Inc. HQ, Los Angeles, California, United States', 5, 'info7@emeraldhills.com'),
    ('108 Emerald St, Montreal, Quebec, Canada', 'Emerald Hills Inc. HQ, Los Angeles, California, United States', 3, 'info8@emeraldhills.com');

INSERT INTO Hotel (hotel_address, central_office_address, star_rating, hotel_email)
VALUES
    ('201 Luxury Blvd, Miami, Florida, United States', 'Mounir Luxury Resorts HQ, Miami, Florida, United States', 4, 'info1@mounirluxuryresorts.com'),
    ('202 Luxury Rd, Miami, Florida, United States', 'Mounir Luxury Resorts HQ, Miami, Florida, United States', 4, 'info2@mounirluxuryresorts.com'),
    ('203 Luxury Ave, Miami, Florida, United States', 'Mounir Luxury Resorts HQ, Miami, Florida, United States', 4, 'info3@mounirluxuryresorts.com'),
    ('204 Luxury St, Miami, Florida, United States', 'Mounir Luxury Resorts HQ, Miami, Florida, United States', 4, 'info4@mounirluxuryresorts.com'),
    ('205 Ocean Blvd, Miami Beach, Florida, United States', 'Mounir Luxury Resorts HQ, Miami, Florida, United States', 5, 'info5@mounirluxuryresorts.com'),
    ('206 Beach Rd, Phuket, Thailand', 'Mounir Luxury Resorts HQ, Miami, Florida, United States', 5, 'info6@mounirluxuryresorts.com'),
    ('207 Paradise Ave, Bali, Indonesia', 'Mounir Luxury Resorts HQ, Miami, Florida, United States', 5, 'info7@mounirluxuryresorts.com'),
    ('208 Sunset St, Barcelona, Spain', 'Mounir Luxury Resorts HQ, Miami, Florida, United States', 3, 'info8@mounirluxuryresorts.com'),
    ('209 Bayview Blvd, Paris, France', 'Mounir Luxury Resorts HQ, Miami, Florida, United States', 3, 'info9@mounirluxuryresorts.com'),
    ('210 Harbor Rd, Sydney, Australia', 'Mounir Luxury Resorts HQ, Miami, Florida, United States', 3, 'info10@mounirluxuryresorts.com'),
    ('211 Lakeside Ave, Zurich, Switzerland', 'Mounir Luxury Resorts HQ, Miami, Florida, United States', 4, 'info11@mounirluxuryresorts.com'),
    ('212 Riverwalk St, Amsterdam, Netherlands', 'Mounir Luxury Resorts HQ, Miami, Florida, United States', 4, 'info12@mounirluxuryresorts.com'),
    ('213 Island Blvd, Dubai, United Arab Emirates', 'Mounir Luxury Resorts HQ, Miami, Florida, United States', 4, 'info13@mounirluxuryresorts.com'),
    ('214 Gulf Rd, Cape Town, South Africa', 'Mounir Luxury Resorts HQ, Miami, Florida, United States', 5, 'info14@mounirluxuryresorts.com'),
    ('215 Mountain Ave, Queenstown, New Zealand', 'Mounir Luxury Resorts HQ, Miami, Florida, United States', 5, 'info15@mounirluxuryresorts.com');

INSERT INTO Hotel (hotel_address, central_office_address, star_rating, hotel_email)
VALUES
    ('301 Sunset Blvd, Los Angeles, California, United States', 'Sunset Vista Hotels HQ, Ottawa, Ontario, Canada', 4, 'info1@sunsetvistahotels.com'),
    ('302 Sunrise Rd, Los Angeles, California, United States', 'Sunset Vista Hotels HQ, Ottawa, Ontario, Canada', 4, 'info2@sunsetvistahotels.com'),
    ('303 Dusk Ave, Miami, Florida, United States', 'Sunset Vista Hotels HQ, Ottawa, Ontario, Canada', 4, 'info3@sunsetvistahotels.com'),
    ('304 Twilight St, Chicago, Illinois, United States', 'Sunset Vista Hotels HQ, Ottawa, Ontario, Canada', 4, 'info4@sunsetvistahotels.com'),
    ('305 Ocean View Dr, Sydney, Australia', 'Sunset Vista Hotels HQ, Ottawa, Ontario, Canada', 5, 'info5@sunsetvistahotels.com'),
    ('306 Mountain Rd, Queenstown, New Zealand', 'Sunset Vista Hotels HQ, Ottawa, Ontario, Canada', 5, 'info6@sunsetvistahotels.com'),
    ('307 Island Ave, Bali, Indonesia', 'Sunset Vista Hotels HQ, Ottawa, Ontario, Canada', 5, 'info7@sunsetvistahotels.com'),
    ('308 Hilltop Blvd, Cape Town, South Africa', 'Sunset Vista Hotels HQ, Ottawa, Ontario, Canada', 3, 'info8@sunsetvistahotels.com');

INSERT INTO Hotel (hotel_address, central_office_address, star_rating, hotel_email)
VALUES
    ('401 ZouZou Blvd, New York, New York, United States', 'ZouZou International HQ, Beirut, Lebanon', 4, 'info1@zouzouinternational.com'),
    ('402 ZouZou Rd, New York, New York, United States', 'ZouZou International HQ, Beirut, Lebanon', 4, 'info2@zouzouinternational.com'),
    ('403 ZouZou Ave, Miami, Florida, United States', 'ZouZou International HQ, Beirut, Lebanon', 4, 'info3@zouzouinternational.com'),
    ('404 ZouZou St, Chicago, Illinois, United States', 'ZouZou International HQ, Beirut, Lebanon', 4, 'info4@zouzouinternational.com'),
    ('405 ZouZou Blvd, Toronto, Ontario, Canada', 'ZouZou International HQ, Beirut, Lebanon', 5, 'info5@zouzouinternational.com'),
    ('406 ZouZou Rd, London, United Kingdom', 'ZouZou International HQ, Beirut, Lebanon', 5, 'info6@zouzouinternational.com'),
    ('407 ZouZou Ave, Paris, France', 'ZouZou International HQ, Beirut, Lebanon', 5, 'info7@zouzouinternational.com'),
    ('408 ZouZou St, Tokyo, Japan', 'ZouZou International HQ, Beirut, Lebanon', 3, 'info8@zouzouinternational.com'),
    ('409 ZouZou Blvd, Sydney, Australia', 'ZouZou International HQ, Beirut, Lebanon', 3, 'info9@zouzouinternational.com'),
    ('410 ZouZou Rd, Rio de Janeiro, Brazil', 'ZouZou International HQ, Beirut, Lebanon', 3, 'info10@zouzouinternational.com'),
    ('411 ZouZou Ave, Cape Town, South Africa', 'ZouZou International HQ, Beirut, Lebanon', 4, 'info11@zouzouinternational.com'),
    ('412 ZouZou St, Dubai, United Arab Emirates', 'ZouZou International HQ, Beirut, Lebanon', 4, 'info12@zouzouinternational.com'),
    ('413 ZouZou Blvd, Shanghai, China', 'ZouZou International HQ, Beirut, Lebanon', 4, 'info13@zouzouinternational.com'),
    ('414 ZouZou Rd, Moscow, Russia', 'ZouZou International HQ, Beirut, Lebanon', 5, 'info14@zouzouinternational.com'),
    ('415 ZouZou Ave, Rome, Italy', 'ZouZou International HQ, Beirut, Lebanon', 5, 'info15@zouzouinternational.com'),
    ('416 ZouZou St, Istanbul, Turkey', 'ZouZou International HQ, Beirut, Lebanon', 5, 'info16@zouzouinternational.com'),
    ('417 ZouZou Blvd, Athens, Greece', 'ZouZou International HQ, Beirut, Lebanon', 3, 'info17@zouzouinternational.com'),
    ('418 ZouZou Rd, Vancouver, Canada', 'ZouZou International HQ, Beirut, Lebanon', 3, 'info18@zouzouinternational.com'),
    ('419 ZouZou Ave, Madrid, Spain', 'ZouZou International HQ, Beirut, Lebanon', 3, 'info19@zouzouinternational.com');

-- Rooms for each Hotel
INSERT INTO Room (room_number, hotel_address, capacity, view, price, extendability, booking_start_date, booking_end_date, room_status)
VALUES

    (1, '001 Hezi St, Montreal, Quebec, Canada', 2, 'City View', 150.00, TRUE, '2024-03-10', '2024-03-20', 'Occupied'),
    (2, '001 Hezi St, Montreal, Quebec, Canada', 4, 'Mountain View', 250.00, FALSE, '2024-03-15', '2024-03-28', 'Occupied'),
    (3, '001 Hezi St, Montreal, Quebec, Canada', 3, 'Lake View', 200.00, TRUE, '2024-03-12', '2024-03-23', 'Occupied'),
    (4, '001 Hezi St, Montreal, Quebec, Canada', 5, 'Ocean View', 350.00, FALSE, '2024-03-18', '2024-04-01', 'Occupied'),
    (5, '001 Hezi St, Montreal, Quebec, Canada', 6, 'Garden View', 400.00, TRUE, '2024-03-20', '2024-04-03', 'Occupied'),
    (6, '001 Hezi St, Montreal, Quebec, Canada', 2, 'City View', 150.00, TRUE, NULL, NULL, 'Available'),
    (7, '001 Hezi St, Montreal, Quebec, Canada', 4, 'Mountain View', 250.00, FALSE, NULL, NULL, 'Available'),
    (8, '001 Hezi St, Montreal, Quebec, Canada', 3, 'Lake View', 200.00, TRUE, NULL, NULL, 'Available'),

    (1, '002 Hezi St, New York, New York, United States', 2, 'City View', 200.00, TRUE, '2024-03-10', '2024-03-20', 'Occupied'),
    (2, '002 Hezi St, New York, New York, United States', 4, 'Mountain View', 300.00, FALSE, '2024-03-15', '2024-03-28', 'Occupied'),
    (3, '002 Hezi St, New York, New York, United States', 3, 'Lake View', 250.00, TRUE, '2024-03-12', '2024-03-23', 'Occupied'),
    (4, '002 Hezi St, New York, New York, United States', 5, 'Ocean View', 400.00, FALSE, '2024-03-18', '2024-04-01', 'Occupied'),
    (5, '002 Hezi St, New York, New York, United States', 6, 'Garden View', 450.00, TRUE, '2024-03-20', '2024-04-03', 'Occupied'),
    (6, '002 Hezi St, New York, New York, United States', 2, 'City View', 200.00, TRUE, NULL, NULL, 'Available'),
    (7, '002 Hezi St, New York, New York, United States', 4, 'Mountain View', 300.00, FALSE, NULL, NULL, 'Available'),
    (8, '002 Hezi St, New York, New York, United States', 3, 'Lake View', 250.00, TRUE, NULL, NULL, 'Available'),

    (1, '003 Hezi Blvd, Toronto, Ontario, Canada', 2, 'City View', 200.00, TRUE, '2024-03-10', '2024-03-20', 'Occupied'),
    (2, '003 Hezi Blvd, Toronto, Ontario, Canada', 4, 'Mountain View', 300.00, FALSE, '2024-03-15', '2024-03-28', 'Occupied'),
    (3, '003 Hezi Blvd, Toronto, Ontario, Canada', 3, 'Lake View', 250.00, TRUE, '2024-03-12', '2024-03-23', 'Available'),
    (4, '003 Hezi Blvd, Toronto, Ontario, Canada', 5, 'Ocean View', 400.00, FALSE, NULL, NULL, 'Available'),
    (5, '003 Hezi Blvd, Toronto, Ontario, Canada', 6, 'Garden View', 450.00, TRUE, NULL, NULL, 'Available'),

    (1, '004 Hezi Rd, New York, New York, United States', 2, 'City View', 200.00, TRUE, '2024-03-10', '2024-03-20', 'Occupied'),
    (2, '004 Hezi Rd, New York, New York, United States', 4, 'Mountain View', 300.00, FALSE, '2024-03-15', '2024-03-28', 'Occupied'),
    (3, '004 Hezi Rd, New York, New York, United States', 3, 'Lake View', 250.00, TRUE, NULL, NULL, 'Available'),
    (4, '004 Hezi Rd, New York, New York, United States', 5, 'Ocean View', 400.00, FALSE, NULL, NULL, 'Available'),
    (5, '004 Hezi Rd, New York, New York, United States', 6, 'Garden View', 450.00, TRUE, NULL, NULL, 'Available'),

    (1, '005 Hezi Ave, Los Angeles, California, United States', 5, 'City View', 250.00, TRUE, '2024-03-10', '2024-03-20', 'Occupied'),
    (2, '005 Hezi Ave, Los Angeles, California, United States', 3, 'Mountain View', 350.00, FALSE, '2024-03-15', '2024-03-28', 'Occupied'),
    (3, '005 Hezi Ave, Los Angeles, California, United States', 5, 'Lake View', 300.00, TRUE, NULL, NULL, 'Available'),
    (4, '005 Hezi Ave, Los Angeles, California, United States', 6, 'Ocean View', 450.00, FALSE, NULL, NULL, 'Available'),
    (5, '005 Hezi Ave, Los Angeles, California, United States', 4, 'Garden View', 500.00, TRUE, NULL, NULL, 'Available'),

    (1, '006 Hezi St, New York, New York, United States', 5, 'City View', 300.00, TRUE, '2024-03-10', '2024-03-20', 'Occupied'),
    (2, '006 Hezi St, New York, New York, United States', 2, 'Mountain View', 400.00, FALSE, '2024-03-15', '2024-03-28', 'Occupied'),
    (3, '006 Hezi St, New York, New York, United States', 5, 'Lake View', 350.00, TRUE, NULL, NULL, 'Available'),
    (4, '006 Hezi St, New York, New York, United States', 3, 'Ocean View', 500.00, FALSE, NULL, NULL, 'Available'),
    (5, '006 Hezi St, New York, New York, United States', 5, 'Garden View', 550.00, TRUE, NULL, NULL, 'Available'),

    (1, '007 Hezi St, Toronto, Ontario, Canada', 5, 'City View', 300.00, TRUE, '2024-03-10', '2024-03-20', 'Occupied'),
    (2, '007 Hezi St, Toronto, Ontario, Canada', 3, 'Mountain View', 400.00, FALSE, '2024-03-15', '2024-03-28', 'Occupied'),
    (3, '007 Hezi St, Toronto, Ontario, Canada', 4, 'Lake View', 350.00, TRUE, NULL, NULL, 'Available'),
    (4, '007 Hezi St, Toronto, Ontario, Canada', 5, 'Ocean View', 500.00, FALSE, NULL, NULL, 'Available'),
    (5, '007 Hezi St, Toronto, Ontario, Canada', 6, 'Garden View', 550.00, TRUE, NULL, NULL, 'Available'),

    (1, '008 Hezi Rd, New York, New York, United States', 2, 'City View', 200.00, TRUE, '2024-03-10', '2024-03-20', 'Occupied'),
    (2, '008 Hezi Rd, New York, New York, United States', 3, 'Mountain View', 300.00, FALSE, '2024-03-15', '2024-03-28', 'Occupied'),
    (3, '008 Hezi Rd, New York, New York, United States', 6, 'Lake View', 250.00, TRUE, NULL, NULL, 'Available'),
    (4, '008 Hezi Rd, New York, New York, United States', 3, 'Ocean View', 400.00, FALSE, NULL, NULL, 'Available'),
    (5, '008 Hezi Rd, New York, New York, United States', 5, 'Garden View', 450.00, TRUE, NULL, NULL, 'Available'),

    (1, '009 Hezi St, Ottawa, Ontario, Canada', 3, 'City View', 200.00, TRUE, '2024-03-10', '2024-03-20', 'Occupied'),
    (2, '009 Hezi St, Ottawa, Ontario, Canada', 2, 'Mountain View', 300.00, FALSE, '2024-03-15', '2024-03-28', 'Occupied'),
    (3, '009 Hezi St, Ottawa, Ontario, Canada', 4, 'Lake View', 250.00, TRUE, NULL, NULL, 'Available'),
    (4, '009 Hezi St, Ottawa, Ontario, Canada', 4, 'Ocean View', 400.00, FALSE, NULL, NULL, 'Available'),
    (5, '009 Hezi St, Ottawa, Ontario, Canada', 5, 'Garden View', 450.00, TRUE, NULL, NULL, 'Available'),

    (1, '010 Hezi Ave, Toronto, Ontario, Canada', 4, 'City View', 250.00, TRUE, '2024-03-10', '2024-03-20', 'Occupied'),
    (2, '010 Hezi Ave, Toronto, Ontario, Canada', 3, 'Mountain View', 350.00, FALSE, '2024-03-15', '2024-03-28', 'Occupied'),
    (3, '010 Hezi Ave, Toronto, Ontario, Canada', 5, 'Lake View', 300.00, TRUE, NULL, NULL, 'Available'),
    (4, '010 Hezi Ave, Toronto, Ontario, Canada', 6, 'Ocean View', 450.00, FALSE, NULL, NULL, 'Available'),
    (5, '010 Hezi Ave, Toronto, Ontario, Canada', 4, 'Garden View', 500.00, TRUE, NULL, NULL, 'Available'),

    (1, '011 Hezi St, Los Angeles, California, United States', 5, 'City View', 300.00, TRUE, '2024-03-10', '2024-03-20', 'Occupied'),
    (2, '011 Hezi St, Los Angeles, California, United States', 3, 'Mountain View', 400.00, FALSE, '2024-03-15', '2024-03-28', 'Occupied'),
    (3, '011 Hezi St, Los Angeles, California, United States', 5, 'Lake View', 350.00, TRUE, NULL, NULL, 'Available'),
    (4, '011 Hezi St, Los Angeles, California, United States', 3, 'Ocean View', 500.00, FALSE, NULL, NULL, 'Available'),
    (5, '011 Hezi St, Los Angeles, California, United States', 5, 'Garden View', 550.00, TRUE, NULL, NULL, 'Available'),

    (1, '012 Hezi St, Las Vegas, Nevada, United States', 5, 'City View', 300.00, TRUE, '2024-03-10', '2024-03-20', 'Occupied'),
    (2, '012 Hezi St, Las Vegas, Nevada, United States', 3, 'Mountain View', 400.00, FALSE, '2024-03-15', '2024-03-28', 'Occupied'),
    (3, '012 Hezi St, Las Vegas, Nevada, United States', 5, 'Lake View', 350.00, TRUE, NULL, NULL, 'Available'),
    (4, '012 Hezi St, Las Vegas, Nevada, United States', 3, 'Ocean View', 500.00, FALSE, NULL, NULL, 'Available'),
    (5, '012 Hezi St, Las Vegas, Nevada, United States', 5, 'Garden View', 550.00, TRUE, NULL, NULL, 'Available'),
    
    (1, '101 Emerald Blvd, Ottawa, Ontario, Canada', 1, 'City View', 200.00, TRUE, '2024-03-10', '2024-03-20', 'Occupied'),
(2, '101 Emerald Blvd, Ottawa, Ontario, Canada', 2, 'Mountain View', 300.00, FALSE, '2024-03-15', '2024-03-28', 'Occupied'),
(3, '101 Emerald Blvd, Ottawa, Ontario, Canada', 3, 'Lake View', 250.00, TRUE, NULL, NULL, 'Available'),
(4, '101 Emerald Blvd, Ottawa, Ontario, Canada', 2, 'Ocean View', 400.00, FALSE, NULL, NULL, 'Available'),
(5, '101 Emerald Blvd, Ottawa, Ontario, Canada', 5, 'Garden View', 450.00, TRUE, NULL, NULL, 'Available'),

(1, '102 Emerald Rd, New York, New York, United States', 2, 'City View', 200.00, TRUE, '2024-03-10', '2024-03-20', 'Occupied'),
(2, '102 Emerald Rd, New York, New York, United States', 1, 'Mountain View', 300.00, FALSE, '2024-03-15', '2024-03-28', 'Occupied'),
(3, '102 Emerald Rd, New York, New York, United States', 3, 'Lake View', 250.00, TRUE, NULL, NULL, 'Available'),
(4, '102 Emerald Rd, New York, New York, United States', 1, 'Ocean View', 400.00, FALSE, NULL, NULL, 'Available'),
(5, '102 Emerald Rd, New York, New York, United States', 4, 'Garden View', 450.00, TRUE, NULL, NULL, 'Available'),

(1, '103 Emerald Ave, Los Angeles, California, United States', 5, 'City View', 200.00, TRUE, '2024-03-10', '2024-03-20', 'Occupied'),
(2, '103 Emerald Ave, Los Angeles, California, United States', 4, 'Mountain View', 300.00, FALSE, '2024-03-15', '2024-03-28', 'Occupied'),
(3, '103 Emerald Ave, Los Angeles, California, United States', 2, 'Lake View', 250.00, TRUE, NULL, NULL, 'Available'),
(4, '103 Emerald Ave, Los Angeles, California, United States', 3, 'Ocean View', 400.00, FALSE, NULL, NULL, 'Available'),
(5, '103 Emerald Ave, Los Angeles, California, United States', 5, 'Garden View', 450.00, TRUE, NULL, NULL, 'Available'),

(1, '104 Emerald St, Los Angeles, California, United States', 3, 'City View', 200.00, TRUE, '2024-03-10', '2024-03-20', 'Occupied'),
(2, '104 Emerald St, Los Angeles, California, United States', 4, 'Mountain View', 300.00, FALSE, '2024-03-15', '2024-03-28', 'Occupied'),
(3, '104 Emerald St, Los Angeles, California, United States', 5, 'Lake View', 250.00, TRUE, NULL, NULL, 'Available'),
(4, '104 Emerald St, Los Angeles, California, United States', 1, 'Ocean View', 400.00, FALSE, NULL, NULL, 'Available'),
(5, '104 Emerald St, Los Angeles, California, United States', 3, 'Garden View', 450.00, TRUE, NULL, NULL, 'Available'),

(1, '105 Emerald Blvd, Los Angeles, California, United States', 4, 'City View', 200.00, TRUE, '2024-03-10', '2024-03-20', 'Occupied'),
(2, '105 Emerald Blvd, Los Angeles, California, United States', 1, 'Mountain View', 300.00, FALSE, '2024-03-15', '2024-03-28', 'Occupied'),
(3, '105 Emerald Blvd, Los Angeles, California, United States', 3, 'Lake View', 250.00, TRUE, NULL, NULL, 'Available'),
(4, '105 Emerald Blvd, Los Angeles, California, United States', 4, 'Ocean View', 400.00, FALSE, NULL, NULL, 'Available'),
(5, '105 Emerald Blvd, Los Angeles, California, United States', 2, 'Garden View', 450.00, TRUE, NULL, NULL, 'Available'),


    (1, '106 Emerald Rd, New York, New York, United States', 5, 'City View', 200.00, TRUE, '2024-03-10', '2024-03-20', 'Occupied'),
    (2, '106 Emerald Rd, New York, New York, United States', 2, 'Mountain View', 300.00, FALSE, '2024-03-15', '2024-03-28', 'Occupied'),
    (3, '106 Emerald Rd, New York, New York, United States', 3, 'Lake View', 250.00, TRUE, NULL, NULL, 'Available'),
    (4, '106 Emerald Rd, New York, New York, United States', 4, 'Ocean View', 400.00, FALSE, NULL, NULL, 'Available'),
    (5, '106 Emerald Rd, New York, New York, United States', 5, 'Garden View', 450.00, TRUE, NULL, NULL, 'Available'),

    (1, '107 Emerald Ave, Las Vegas, Nevada, United States', 5, 'City View', 200.00, TRUE, '2024-03-10', '2024-03-20', 'Occupied'),
    (2, '107 Emerald Ave, Las Vegas, Nevada, United States', 2, 'Mountain View', 300.00, FALSE, '2024-03-15', '2024-03-28', 'Occupied'),
    (3, '107 Emerald Ave, Las Vegas, Nevada, United States', 5, 'Lake View', 250.00, TRUE, NULL, NULL, 'Available'),
    (4, '107 Emerald Ave, Las Vegas, Nevada, United States', 4, 'Ocean View', 400.00, FALSE, NULL, NULL, 'Available'),
    (5, '107 Emerald Ave, Las Vegas, Nevada, United States', 5, 'Garden View', 450.00, TRUE, NULL, NULL, 'Available'),

    (1, '108 Emerald St, Montreal, Quebec, Canada', 5, 'City View', 200.00, TRUE, '2024-03-10', '2024-03-20', 'Occupied'),
    (2, '108 Emerald St, Montreal, Quebec, Canada', 2, 'Mountain View', 300.00, FALSE, '2024-03-15', '2024-03-28', 'Occupied'),
    (3, '108 Emerald St, Montreal, Quebec, Canada', 3, 'Lake View', 250.00, TRUE, NULL, NULL, 'Available'),
    (4, '108 Emerald St, Montreal, Quebec, Canada', 3, 'Ocean View', 400.00, FALSE, NULL, NULL, 'Available'),
    (5, '108 Emerald St, Montreal, Quebec, Canada', 2, 'Garden View', 450.00, TRUE, NULL, NULL, 'Available'),

    (1, '201 Luxury Blvd, Miami, Florida, United States', 5, 'City View', 200.00, TRUE, '2024-03-10', '2024-03-20', 'Occupied'),
    (2, '201 Luxury Blvd, Miami, Florida, United States', 4, 'Mountain View', 300.00, FALSE, '2024-03-15', '2024-03-28', 'Occupied'),
    (3, '201 Luxury Blvd, Miami, Florida, United States', 3, 'Lake View', 250.00, TRUE, NULL, NULL, 'Available'),
    (4, '201 Luxury Blvd, Miami, Florida, United States', 4, 'Ocean View', 400.00, FALSE, NULL, NULL, 'Available'),
    (5, '201 Luxury Blvd, Miami, Florida, United States', 2, 'Garden View', 450.00, TRUE, NULL, NULL, 'Available'),

    (1, '202 Luxury Rd, Miami, Florida, United States', 5, 'City View', 200.00, TRUE, '2024-03-10', '2024-03-20', 'Occupied'),
    (2, '202 Luxury Rd, Miami, Florida, United States', 4, 'Mountain View', 300.00, FALSE, '2024-03-15', '2024-03-28', 'Occupied'),
    (3, '202 Luxury Rd, Miami, Florida, United States', 3, 'Lake View', 250.00, TRUE, NULL, NULL, 'Available'),
    (4, '202 Luxury Rd, Miami, Florida, United States', 4, 'Ocean View', 400.00, FALSE, NULL, NULL, 'Available'),
    (5, '202 Luxury Rd, Miami, Florida, United States', 2, 'Garden View', 450.00, TRUE, NULL, NULL, 'Available'),

    (1, '203 Luxury Ave, Miami, Florida, United States', 3, 'City View', 200.00, TRUE, '2024-03-10', '2024-03-20', 'Occupied'),
    (2, '203 Luxury Ave, Miami, Florida, United States', 4, 'Mountain View', 300.00, FALSE, '2024-03-15', '2024-03-28', 'Occupied'),
    (3, '203 Luxury Ave, Miami, Florida, United States', 4, 'Lake View', 250.00, TRUE, NULL, NULL, 'Available'),
    (4, '203 Luxury Ave, Miami, Florida, United States', 5, 'Ocean View', 400.00, FALSE, NULL, NULL, 'Available'),
    (5, '203 Luxury Ave, Miami, Florida, United States', 5, 'Garden View', 450.00, TRUE, NULL, NULL, 'Available'),

    (1, '204 Luxury St, Miami, Florida, United States', 5, 'City View', 200.00, TRUE, '2024-03-10', '2024-03-20', 'Occupied'),
    (2, '204 Luxury St, Miami, Florida, United States', 4, 'Mountain View', 300.00, FALSE, '2024-03-15', '2024-03-28', 'Occupied'),
    (3, '204 Luxury St, Miami, Florida, United States', 3, 'Lake View', 250.00, TRUE, NULL, NULL, 'Available'),
    (4, '204 Luxury St, Miami, Florida, United States', 4, 'Ocean View', 400.00, FALSE, NULL, NULL, 'Available'),
    (5, '204 Luxury St, Miami, Florida, United States', 2, 'Garden View', 450.00, TRUE, NULL, NULL, 'Available'),

    (1, '205 Ocean Blvd, Miami Beach, Florida, United States', 3, 'City View', 200.00, TRUE, '2024-03-10', '2024-03-20', 'Occupied'),
    (2, '205 Ocean Blvd, Miami Beach, Florida, United States', 5, 'Mountain View', 300.00, FALSE, '2024-03-15', '2024-03-28', 'Occupied'),
    (3, '205 Ocean Blvd, Miami Beach, Florida, United States', 4, 'Lake View', 250.00, TRUE, NULL, NULL, 'Available'),
    (4, '205 Ocean Blvd, Miami Beach, Florida, United States', 3, 'Ocean View', 400.00, FALSE, NULL, NULL, 'Available'),
    (5, '205 Ocean Blvd, Miami Beach, Florida, United States', 5, 'Garden View', 450.00, TRUE, NULL, NULL, 'Available'),

    (1, '206 Beach Rd, Phuket, Thailand', 3, 'City View', 200.00, TRUE, '2024-03-10', '2024-03-20', 'Occupied'),
(2, '206 Beach Rd, Phuket, Thailand', 2, 'Mountain View', 300.00, FALSE, '2024-03-15', '2024-03-28', 'Occupied'),
(3, '206 Beach Rd, Phuket, Thailand', 2, 'Lake View', 250.00, TRUE, NULL, NULL, 'Available'),
(4, '206 Beach Rd, Phuket, Thailand', 5, 'Ocean View', 400.00, FALSE, NULL, NULL, 'Available'),
(5, '206 Beach Rd, Phuket, Thailand', 5, 'Garden View', 450.00, TRUE, NULL, NULL, 'Available'),

(1, '207 Paradise Ave, Bali, Indonesia', 2, 'City View', 200.00, TRUE, '2024-03-10', '2024-03-20', 'Occupied'),
(2, '207 Paradise Ave, Bali, Indonesia', 1, 'Mountain View', 300.00, FALSE, '2024-03-15', '2024-03-28', 'Occupied'),
(3, '207 Paradise Ave, Bali, Indonesia', 2, 'Lake View', 250.00, TRUE, NULL, NULL, 'Available'),
(4, '207 Paradise Ave, Bali, Indonesia', 5, 'Ocean View', 400.00, FALSE, NULL, NULL, 'Available'),
(5, '207 Paradise Ave, Bali, Indonesia', 1, 'Garden View', 450.00, TRUE, NULL, NULL, 'Available'),

(1, '208 Sunset St, Barcelona, Spain', 1, 'City View', 200.00, TRUE, '2024-03-10', '2024-03-20', 'Occupied'),
(2, '208 Sunset St, Barcelona, Spain', 3, 'Mountain View', 300.00, FALSE, '2024-03-15', '2024-03-28', 'Occupied'),
(3, '208 Sunset St, Barcelona, Spain', 2, 'Lake View', 250.00, TRUE, NULL, NULL, 'Available'),
(4, '208 Sunset St, Barcelona, Spain', 1, 'Ocean View', 400.00, FALSE, NULL, NULL, 'Available'),
(5, '208 Sunset St, Barcelona, Spain', 5, 'Garden View', 450.00, TRUE, NULL, NULL, 'Available'),

(1, '209 Bayview Blvd, Paris, France', 3, 'City View', 200.00, TRUE, '2024-03-10', '2024-03-20', 'Occupied'),
(2, '209 Bayview Blvd, Paris, France', 5, 'Mountain View', 300.00, FALSE, '2024-03-15', '2024-03-28', 'Occupied'),
(3, '209 Bayview Blvd, Paris, France', 1, 'Lake View', 250.00, TRUE, NULL, NULL, 'Available'),
(4, '209 Bayview Blvd, Paris, France', 2, 'Ocean View', 400.00, FALSE, NULL, NULL, 'Available'),
(5, '209 Bayview Blvd, Paris, France', 5, 'Garden View', 450.00, TRUE, NULL, NULL, 'Available'),

(1, '210 Harbor Rd, Sydney, Australia', 1, 'City View', 200.00, TRUE, '2024-03-10', '2024-03-20', 'Occupied'),
(2, '210 Harbor Rd, Sydney, Australia', 3, 'Mountain View', 300.00, FALSE, '2024-03-15', '2024-03-28', 'Occupied'),
(3, '210 Harbor Rd, Sydney, Australia', 4, 'Lake View', 250.00, TRUE, NULL, NULL, 'Available'),
(4, '210 Harbor Rd, Sydney, Australia', 5, 'Ocean View', 400.00, FALSE, NULL, NULL, 'Available'),
(5, '210 Harbor Rd, Sydney, Australia', 4, 'Garden View', 450.00, TRUE, NULL, NULL, 'Available'),

(1, '211 Lakeside Ave, Zurich, Switzerland', 2, 'City View', 200.00, TRUE, '2024-03-10', '2024-03-20', 'Occupied'),
(2, '211 Lakeside Ave, Zurich, Switzerland', 2, 'Mountain View', 300.00, FALSE, '2024-03-15', '2024-03-28', 'Occupied'),
(3, '211 Lakeside Ave, Zurich, Switzerland', 4, 'Lake View', 250.00, TRUE, NULL, NULL, 'Available'),
(4, '211 Lakeside Ave, Zurich, Switzerland', 5, 'Ocean View', 400.00, FALSE, NULL, NULL, 'Available'),
(5, '211 Lakeside Ave, Zurich, Switzerland', 3, 'Garden View', 450.00, TRUE, NULL, NULL, 'Available'),

(1, '212 Riverwalk St, Amsterdam, Netherlands', 3, 'City View', 200.00, TRUE, '2024-03-10', '2024-03-20', 'Occupied'),
(2, '212 Riverwalk St, Amsterdam, Netherlands', 5, 'Mountain View', 300.00, FALSE, '2024-03-15', '2024-03-28', 'Occupied'),
(3, '212 Riverwalk St, Amsterdam, Netherlands', 5, 'Lake View', 250.00, TRUE, NULL, NULL, 'Available'),
(4, '212 Riverwalk St, Amsterdam, Netherlands', 2, 'Ocean View', 400.00, FALSE, NULL, NULL, 'Available'),
(5, '212 Riverwalk St, Amsterdam, Netherlands', 1, 'Garden View', 450.00, TRUE, NULL, NULL, 'Available'),

(1, '213 Island Blvd, Dubai, United Arab Emirates', 5, 'City View', 200.00, TRUE, '2024-03-10', '2024-03-20', 'Occupied'),
(2, '213 Island Blvd, Dubai, United Arab Emirates', 4, 'Mountain View', 300.00, FALSE, '2024-03-15', '2024-03-28', 'Occupied'),
(3, '213 Island Blvd, Dubai, United Arab Emirates', 1, 'Lake View', 250.00, TRUE, NULL, NULL, 'Available'),
(4, '213 Island Blvd, Dubai, United Arab Emirates', 2, 'Ocean View', 400.00, FALSE, NULL, NULL, 'Available'),
(5, '213 Island Blvd, Dubai, United Arab Emirates', 5, 'Garden View', 450.00, TRUE, NULL, NULL, 'Available'),

(1, '214 Gulf Rd, Cape Town, South Africa', 4, 'City View', 200.00, TRUE, '2024-03-10', '2024-03-20', 'Occupied'),
(2, '214 Gulf Rd, Cape Town, South Africa', 3, 'Mountain View', 300.00, FALSE, '2024-03-15', '2024-03-28', 'Occupied'),
(3, '214 Gulf Rd, Cape Town, South Africa', 1, 'Lake View', 250.00, TRUE, NULL, NULL, 'Available'),
(4, '214 Gulf Rd, Cape Town, South Africa', 2, 'Ocean View', 400.00, FALSE, NULL, NULL, 'Available'),
(5, '214 Gulf Rd, Cape Town, South Africa', 5, 'Garden View', 450.00, TRUE, NULL, NULL, 'Available'),

(1, '215 Mountain Ave, Queenstown, New Zealand', 3, 'City View', 200.00, TRUE, '2024-03-10', '2024-03-20', 'Occupied'),
(2, '215 Mountain Ave, Queenstown, New Zealand', 4, 'Mountain View', 300.00, FALSE, '2024-03-15', '2024-03-28', 'Occupied'),
(3, '215 Mountain Ave, Queenstown, New Zealand', 2, 'Lake View', 250.00, TRUE, NULL, NULL, 'Available'),
(4, '215 Mountain Ave, Queenstown, New Zealand', 1, 'Ocean View', 400.00, FALSE, NULL, NULL, 'Available'),
(5, '215 Mountain Ave, Queenstown, New Zealand', 3, 'Garden View', 450.00, TRUE, NULL, NULL, 'Available'),

(1, '301 Sunset Blvd, Los Angeles, California, United States', 2, 'City View', 200.00, TRUE, '2024-03-10', '2024-03-20', 'Occupied'),
(2, '301 Sunset Blvd, Los Angeles, California, United States', 4, 'Mountain View', 300.00, FALSE, '2024-03-15', '2024-03-28', 'Occupied'),
(3, '301 Sunset Blvd, Los Angeles, California, United States', 1, 'Lake View', 250.00, TRUE, NULL, NULL, 'Available'),
(4, '301 Sunset Blvd, Los Angeles, California, United States', 5, 'Ocean View', 400.00, FALSE, NULL, NULL, 'Available'),
(5, '301 Sunset Blvd, Los Angeles, California, United States', 1, 'Garden View', 450.00, TRUE, NULL, NULL, 'Available'),

(1, '302 Sunrise Rd, Los Angeles, California, United States', 5, 'City View', 200.00, TRUE, '2024-03-10', '2024-03-20', 'Occupied'),
(2, '302 Sunrise Rd, Los Angeles, California, United States', 2, 'Mountain View', 300.00, FALSE, '2024-03-15', '2024-03-28', 'Occupied'),
(3, '302 Sunrise Rd, Los Angeles, California, United States', 3, 'Lake View', 250.00, TRUE, NULL, NULL, 'Available'),
(4, '302 Sunrise Rd, Los Angeles, California, United States', 4, 'Ocean View', 400.00, FALSE, NULL, NULL, 'Available'),
(5, '302 Sunrise Rd, Los Angeles, California, United States', 1, 'Garden View', 450.00, TRUE, NULL, NULL, 'Available'),

(1, '303 Dusk Ave, Miami, Florida, United States', 4, 'City View', 200.00, TRUE, '2024-03-10', '2024-03-20', 'Occupied'),
(2, '303 Dusk Ave, Miami, Florida, United States', 1, 'Mountain View', 300.00, FALSE, '2024-03-15', '2024-03-28', 'Occupied'),
(3, '303 Dusk Ave, Miami, Florida, United States', 5, 'Lake View', 250.00, TRUE, NULL, NULL, 'Available'),
(4, '303 Dusk Ave, Miami, Florida, United States', 2, 'Ocean View', 400.00, FALSE, NULL, NULL, 'Available'),
(5, '303 Dusk Ave, Miami, Florida, United States', 3, 'Garden View', 450.00, TRUE, NULL, NULL, 'Available'),

(1, '304 Twilight St, Chicago, Illinois, United States', 5, 'City View', 200.00, TRUE, '2024-03-10', '2024-03-20', 'Occupied'),
(2, '304 Twilight St, Chicago, Illinois, United States', 3, 'Mountain View', 300.00, FALSE, '2024-03-15', '2024-03-28', 'Occupied'),
(3, '304 Twilight St, Chicago, Illinois, United States', 1, 'Lake View', 250.00, TRUE, NULL, NULL, 'Available'),
(4, '304 Twilight St, Chicago, Illinois, United States', 2, 'Ocean View', 400.00, FALSE, NULL, NULL, 'Available'),
(5, '304 Twilight St, Chicago, Illinois, United States', 4, 'Garden View', 450.00, TRUE, NULL, NULL, 'Available'),

(1, '305 Ocean View Dr, Sydney, Australia', 3, 'City View', 200.00, TRUE, '2024-03-10', '2024-03-20', 'Occupied'),
(2, '305 Ocean View Dr, Sydney, Australia', 4, 'Mountain View', 300.00, FALSE, '2024-03-15', '2024-03-28', 'Occupied'),
(3, '305 Ocean View Dr, Sydney, Australia', 5, 'Lake View', 250.00, TRUE, NULL, NULL, 'Available'),
(4, '305 Ocean View Dr, Sydney, Australia', 1, 'Ocean View', 400.00, FALSE, NULL, NULL, 'Available'),
(5, '305 Ocean View Dr, Sydney, Australia', 2, 'Garden View', 450.00, TRUE, NULL, NULL, 'Available'),

(1, '306 Mountain Rd, Queenstown, New Zealand', 3, 'City View', 200.00, TRUE, '2024-03-10', '2024-03-20', 'Occupied'),
(2, '306 Mountain Rd, Queenstown, New Zealand', 4, 'Mountain View', 300.00, FALSE, '2024-03-15', '2024-03-28', 'Occupied'),
(3, '306 Mountain Rd, Queenstown, New Zealand', 1, 'Lake View', 250.00, TRUE, NULL, NULL, 'Available'),
(4, '306 Mountain Rd, Queenstown, New Zealand', 5, 'Ocean View', 400.00, FALSE, NULL, NULL, 'Available'),
(5, '306 Mountain Rd, Queenstown, New Zealand', 2, 'Garden View', 450.00, TRUE, NULL, NULL, 'Available'),

(1, '307 Island Ave, Bali, Indonesia', 3, 'City View', 200.00, TRUE, '2024-03-10', '2024-03-20', 'Occupied'),
(2, '307 Island Ave, Bali, Indonesia', 2, 'Mountain View', 300.00, FALSE, '2024-03-15', '2024-03-28', 'Occupied'),
(3, '307 Island Ave, Bali, Indonesia', 4, 'Lake View', 250.00, TRUE, NULL, NULL, 'Available'),
(4, '307 Island Ave, Bali, Indonesia', 1, 'Ocean View', 400.00, FALSE, NULL, NULL, 'Available'),
(5, '307 Island Ave, Bali, Indonesia', 2, 'Garden View', 450.00, TRUE, NULL, NULL, 'Available'),

(1, '308 Hilltop Blvd, Cape Town, South Africa', 2, 'City View', 200.00, TRUE, '2024-03-10', '2024-03-20', 'Occupied'),
(2, '308 Hilltop Blvd, Cape Town, South Africa', 4, 'Mountain View', 300.00, FALSE, '2024-03-15', '2024-03-28', 'Occupied'),
(3, '308 Hilltop Blvd, Cape Town, South Africa', 5, 'Lake View', 250.00, TRUE, NULL, NULL, 'Available'),
(4, '308 Hilltop Blvd, Cape Town, South Africa', 3, 'Ocean View', 400.00, FALSE, NULL, NULL, 'Available'),
(5, '308 Hilltop Blvd, Cape Town, South Africa', 1, 'Garden View', 450.00, TRUE, NULL, NULL, 'Available'),


(1, '401 ZouZou Blvd, New York, New York, United States', 1, 'City View', 200.00, TRUE, '2024-03-10', '2024-03-20', 'Occupied'),
(2, '401 ZouZou Blvd, New York, New York, United States', 2, 'Mountain View', 300.00, FALSE, '2024-03-15', '2024-03-28', 'Occupied'),
(3, '401 ZouZou Blvd, New York, New York, United States', 2, 'Lake View', 250.00, TRUE, NULL, NULL, 'Available'),
(4, '401 ZouZou Blvd, New York, New York, United States', 1, 'Ocean View', 400.00, FALSE, NULL, NULL, 'Available'),
(5, '401 ZouZou Blvd, New York, New York, United States', 5, 'Garden View', 450.00, TRUE, NULL, NULL, 'Available'),

(1, '402 ZouZou Rd, New York, New York, United States', 1, 'City View', 200.00, TRUE, '2024-03-10', '2024-03-20', 'Occupied'),
(2, '402 ZouZou Rd, New York, New York, United States', 5, 'Mountain View', 300.00, FALSE, '2024-03-15', '2024-03-28', 'Occupied'),
(3, '402 ZouZou Rd, New York, New York, United States', 1, 'Lake View', 250.00, TRUE, NULL, NULL, 'Available'),
(4, '402 ZouZou Rd, New York, New York, United States', 3, 'Ocean View', 400.00, FALSE, NULL, NULL, 'Available'),
(5, '402 ZouZou Rd, New York, New York, United States', 5, 'Garden View', 450.00, TRUE, NULL, NULL, 'Available'),

(1, '403 ZouZou Ave, Miami, Florida, United States', 5, 'City View', 200.00, TRUE, '2024-03-10', '2024-03-20', 'Occupied'),
(2, '403 ZouZou Ave, Miami, Florida, United States', 3, 'Mountain View', 300.00, FALSE, '2024-03-15', '2024-03-28', 'Occupied'),
(3, '403 ZouZou Ave, Miami, Florida, United States', 1, 'Lake View', 250.00, TRUE, NULL, NULL, 'Available'),
(4, '403 ZouZou Ave, Miami, Florida, United States', 5, 'Ocean View', 400.00, FALSE, NULL, NULL, 'Available'),
(5, '403 ZouZou Ave, Miami, Florida, United States', 5, 'Garden View', 450.00, TRUE, NULL, NULL, 'Available'),

(1, '404 ZouZou St, Chicago, Illinois, United States', 1, 'City View', 200.00, TRUE, '2024-03-10', '2024-03-20', 'Occupied'),
(2, '404 ZouZou St, Chicago, Illinois, United States', 3, 'Mountain View', 300.00, FALSE, '2024-03-15', '2024-03-28', 'Occupied'),
(3, '404 ZouZou St, Chicago, Illinois, United States', 1, 'Lake View', 250.00, TRUE, NULL, NULL, 'Available'),
(4, '404 ZouZou St, Chicago, Illinois, United States', 5, 'Ocean View', 400.00, FALSE, NULL, NULL, 'Available'),
(5, '404 ZouZou St, Chicago, Illinois, United States', 4, 'Garden View', 450.00, TRUE, NULL, NULL, 'Available'),

(1, '405 ZouZou Blvd, Toronto, Ontario, Canada', 5, 'City View', 200.00, TRUE, '2024-03-10', '2024-03-20', 'Occupied'),
(2, '405 ZouZou Blvd, Toronto, Ontario, Canada', 4, 'Mountain View', 300.00, FALSE, '2024-03-15', '2024-03-28', 'Occupied'),
(3, '405 ZouZou Blvd, Toronto, Ontario, Canada', 3, 'Lake View', 250.00, TRUE, NULL, NULL, 'Available'),
(4, '405 ZouZou Blvd, Toronto, Ontario, Canada', 1, 'Ocean View', 400.00, FALSE, NULL, NULL, 'Available'),
(5, '405 ZouZou Blvd, Toronto, Ontario, Canada', 4, 'Garden View', 450.00, TRUE, NULL, NULL, 'Available'),

(1, '406 ZouZou Rd, London, United Kingdom', 2, 'City View', 200.00, TRUE, '2024-03-10', '2024-03-20', 'Occupied'),
(2, '406 ZouZou Rd, London, United Kingdom', 3, 'Mountain View', 300.00, FALSE, '2024-03-15', '2024-03-28', 'Occupied'),
(3, '406 ZouZou Rd, London, United Kingdom', 5, 'Lake View', 250.00, TRUE, NULL, NULL, 'Available'),
(4, '406 ZouZou Rd, London, United Kingdom', 3, 'Ocean View', 400.00, FALSE, NULL, NULL, 'Available'),
(5, '406 ZouZou Rd, London, United Kingdom', 3, 'Garden View', 450.00, TRUE, NULL, NULL, 'Available'),

(1, '407 ZouZou Ave, Paris, France', 5, 'City View', 200.00, TRUE, '2024-03-10', '2024-03-20', 'Occupied'),
(2, '407 ZouZou Ave, Paris, France', 2, 'Mountain View', 300.00, FALSE, '2024-03-15', '2024-03-28', 'Occupied'),
(3, '407 ZouZou Ave, Paris, France', 4, 'Lake View', 250.00, TRUE, NULL, NULL, 'Available'),
(4, '407 ZouZou Ave, Paris, France', 3, 'Ocean View', 400.00, FALSE, NULL, NULL, 'Available'),
(5, '407 ZouZou Ave, Paris, France', 5, 'Garden View', 450.00, TRUE, NULL, NULL, 'Available'),

(1, '408 ZouZou St, Tokyo, Japan', 5, 'City View', 200.00, TRUE, '2024-03-10', '2024-03-20', 'Occupied'),
(2, '408 ZouZou St, Tokyo, Japan', 3, 'Mountain View', 300.00, FALSE, '2024-03-15', '2024-03-28', 'Occupied'),
(3, '408 ZouZou St, Tokyo, Japan', 1, 'Lake View', 250.00, TRUE, NULL, NULL, 'Available'),
(4, '408 ZouZou St, Tokyo, Japan', 5, 'Ocean View', 400.00, FALSE, NULL, NULL, 'Available'),
(5, '408 ZouZou St, Tokyo, Japan', 5, 'Garden View', 450.00, TRUE, NULL, NULL, 'Available'),

(1, '409 ZouZou Blvd, Sydney, Australia', 4, 'City View', 200.00, TRUE, '2024-03-10', '2024-03-20', 'Occupied'),
(2, '409 ZouZou Blvd, Sydney, Australia', 4, 'Mountain View', 300.00, FALSE, '2024-03-15', '2024-03-28', 'Occupied'),
(3, '409 ZouZou Blvd, Sydney, Australia', 1, 'Lake View', 250.00, TRUE, NULL, NULL, 'Available'),
(4, '409 ZouZou Blvd, Sydney, Australia', 2, 'Ocean View', 400.00, FALSE, NULL, NULL, 'Available'),
(5, '409 ZouZou Blvd, Sydney, Australia', 5, 'Garden View', 450.00, TRUE, NULL, NULL, 'Available'),

(1, '410 ZouZou Rd, Rio de Janeiro, Brazil', 1, 'City View', 200.00, TRUE, '2024-03-10', '2024-03-20', 'Occupied'),
(2, '410 ZouZou Rd, Rio de Janeiro, Brazil', 2, 'Mountain View', 300.00, FALSE, '2024-03-15', '2024-03-28', 'Occupied'),
(3, '410 ZouZou Rd, Rio de Janeiro, Brazil', 4, 'Lake View', 250.00, TRUE, NULL, NULL, 'Available'),
(4, '410 ZouZou Rd, Rio de Janeiro, Brazil', 2, 'Ocean View', 400.00, FALSE, NULL, NULL, 'Available'),
(5, '410 ZouZou Rd, Rio de Janeiro, Brazil', 4, 'Garden View', 450.00, TRUE, NULL, NULL, 'Available'),

(1, '411 ZouZou Ave, Cape Town, South Africa', 2, 'City View', 200.00, TRUE, '2024-03-10', '2024-03-20', 'Occupied'),
(2, '411 ZouZou Ave, Cape Town, South Africa', 3, 'Mountain View', 300.00, FALSE, '2024-03-15', '2024-03-28', 'Occupied'),
(3, '411 ZouZou Ave, Cape Town, South Africa', 1, 'Lake View', 250.00, TRUE, NULL, NULL, 'Available'),
(4, '411 ZouZou Ave, Cape Town, South Africa', 4, 'Ocean View', 400.00, FALSE, NULL, NULL, 'Available'),
(5, '411 ZouZou Ave, Cape Town, South Africa', 3, 'Garden View', 450.00, TRUE, NULL, NULL, 'Available'),

(1, '412 ZouZou St, Dubai, United Arab Emirates', 4, 'City View', 200.00, TRUE, '2024-03-10', '2024-03-20', 'Occupied'),
(2, '412 ZouZou St, Dubai, United Arab Emirates', 4, 'Mountain View', 300.00, FALSE, '2024-03-15', '2024-03-28', 'Occupied'),
(3, '412 ZouZou St, Dubai, United Arab Emirates', 2, 'Lake View', 250.00, TRUE, NULL, NULL, 'Available'),
(4, '412 ZouZou St, Dubai, United Arab Emirates', 5, 'Ocean View', 400.00, FALSE, NULL, NULL, 'Available'),
(5, '412 ZouZou St, Dubai, United Arab Emirates', 2, 'Garden View', 450.00, TRUE, NULL, NULL, 'Available'),

(1, '413 ZouZou Blvd, Shanghai, China', 5, 'City View', 200.00, TRUE, '2024-03-10', '2024-03-20', 'Occupied'),
(2, '413 ZouZou Blvd, Shanghai, China', 1, 'Mountain View', 300.00, FALSE, '2024-03-15', '2024-03-28', 'Occupied'),
(3, '413 ZouZou Blvd, Shanghai, China', 4, 'Lake View', 250.00, TRUE, NULL, NULL, 'Available'),
(4, '413 ZouZou Blvd, Shanghai, China', 5, 'Ocean View', 400.00, FALSE, NULL, NULL, 'Available'),
(5, '413 ZouZou Blvd, Shanghai, China', 5, 'Garden View', 450.00, TRUE, NULL, NULL, 'Available'),

(1, '414 ZouZou Rd, Moscow, Russia', 1, 'City View', 200.00, TRUE, '2024-03-10', '2024-03-20', 'Occupied'),
(2, '414 ZouZou Rd, Moscow, Russia', 5, 'Mountain View', 300.00, FALSE, '2024-03-15', '2024-03-28', 'Occupied'),
(3, '414 ZouZou Rd, Moscow, Russia', 1, 'Lake View', 250.00, TRUE, NULL, NULL, 'Available'),
(4, '414 ZouZou Rd, Moscow, Russia', 5, 'Ocean View', 400.00, FALSE, NULL, NULL, 'Available'),
(5, '414 ZouZou Rd, Moscow, Russia', 4, 'Garden View', 450.00, TRUE, NULL, NULL, 'Available'),

(1, '415 ZouZou Ave, Rome, Italy', 1, 'City View', 200.00, TRUE, '2024-03-10', '2024-03-20', 'Occupied'),
(2, '415 ZouZou Ave, Rome, Italy', 2, 'Mountain View', 300.00, FALSE, '2024-03-15', '2024-03-28', 'Occupied'),
(3, '415 ZouZou Ave, Rome, Italy', 1, 'Lake View', 250.00, TRUE, NULL, NULL, 'Available'),
(4, '415 ZouZou Ave, Rome, Italy', 5, 'Ocean View', 400.00, FALSE, NULL, NULL, 'Available'),
(5, '415 ZouZou Ave, Rome, Italy', 5, 'Garden View', 450.00, TRUE, NULL, NULL, 'Available'),

(1, '416 ZouZou St, Istanbul, Turkey', 1, 'City View', 200.00, TRUE, '2024-03-10', '2024-03-20', 'Occupied'),
(2, '416 ZouZou St, Istanbul, Turkey', 3, 'Mountain View', 300.00, FALSE, '2024-03-15', '2024-03-28', 'Occupied'),
(3, '416 ZouZou St, Istanbul, Turkey', 5, 'Lake View', 250.00, TRUE, NULL, NULL, 'Available'),
(4, '416 ZouZou St, Istanbul, Turkey', 2, 'Ocean View', 400.00, FALSE, NULL, NULL, 'Available'),
(5, '416 ZouZou St, Istanbul, Turkey', 3, 'Garden View', 450.00, TRUE, NULL, NULL, 'Available'),

(1, '417 ZouZou Blvd, Athens, Greece', 5, 'City View', 200.00, TRUE, '2024-03-10', '2024-03-20', 'Occupied'),
(2, '417 ZouZou Blvd, Athens, Greece', 3, 'Mountain View', 300.00, FALSE, '2024-03-15', '2024-03-28', 'Occupied'),
(3, '417 ZouZou Blvd, Athens, Greece', 3, 'Lake View', 250.00, TRUE, NULL, NULL, 'Available'),
(4, '417 ZouZou Blvd, Athens, Greece', 5, 'Ocean View', 400.00, FALSE, NULL, NULL, 'Available'),
(5, '417 ZouZou Blvd, Athens, Greece', 2, 'Garden View', 450.00, TRUE, NULL, NULL, 'Available'),

(1, '418 ZouZou Rd, Vancouver, Canada', 1, 'City View', 200.00, TRUE, '2024-03-10', '2024-03-20', 'Occupied'),
(2, '418 ZouZou Rd, Vancouver, Canada', 4, 'Mountain View', 300.00, FALSE, '2024-03-15', '2024-03-28', 'Occupied'),
(3, '418 ZouZou Rd, Vancouver, Canada', 2, 'Lake View', 250.00, TRUE, NULL, NULL, 'Available'),
(4, '418 ZouZou Rd, Vancouver, Canada', 3, 'Ocean View', 400.00, FALSE, NULL, NULL, 'Available'),
(5, '418 ZouZou Rd, Vancouver, Canada', 2, 'Garden View', 450.00, TRUE, NULL, NULL, 'Available'),

(1, '419 ZouZou Ave, Madrid, Spain', 3, 'City View', 200.00, TRUE, '2024-03-10', '2024-03-20', 'Occupied'),
(2, '419 ZouZou Ave, Madrid, Spain', 4, 'Mountain View', 300.00, FALSE, '2024-03-15', '2024-03-28', 'Occupied'),
(3, '419 ZouZou Ave, Madrid, Spain', 3, 'Lake View', 250.00, TRUE, NULL, NULL, 'Available'),
(4, '419 ZouZou Ave, Madrid, Spain', 2, 'Ocean View', 400.00, FALSE, NULL, NULL, 'Available'),
(5, '419 ZouZou Ave, Madrid, Spain', 5, 'Garden View', 450.00, TRUE, NULL, NULL, 'Available');

INSERT INTO Amenity (amenity_id, amenity_name) VALUES 
(0, 'Comfortable mattress'), 
(1, 'Pillows (varying firmness)'), 
(2, 'Clean bed linens (sheets, pillowcases, duvet covers)'), 
(3, 'Nightstands'), 
(4, 'Dresser or wardrobe'), 
(5, 'Desk and chair'), 
(6, 'Lounge chair or sofa'), 
(7, 'Towels (bath towels, hand towels, washcloths)'), 
(8, 'Bathrobe'), 
(9, 'Slippers'), 
(10, 'Hairdryer'), 
(11, 'Basic toiletries (shampoo, conditioner, body wash, soap)'), 
(12, 'Shower or bathtub'), 
(13, 'Television'), 
(14, 'Cable or satellite channels'), 
(15, 'DVD player'), 
(16, 'Streaming services (Netflix, Hulu, etc.)'), 
(17, 'Radio or alarm clock'), 
(18, 'Wi-Fi access'), 
(19, 'Telephone'), 
(20, 'Work desk with lamp'), 
(21, 'Power outlets and charging stations'), 
(22, 'Air conditioning'), 
(23, 'Heating'), 
(24, 'Safe deposit box'), 
(25, 'Smoke detectors'), 
(26, 'Fire extinguisher'), 
(27, 'Mini-bar with beverages and snacks (alcoholic and non-alcoholic)'), 
(28, 'Coffee maker or kettle with complimentary coffee and tea'), 
(29, 'Bottled water'), 
(30, 'Iron and ironing board'), 
(31, 'Luggage rack'), 
(32, 'Full-length mirror'), 
(33, 'Room service menu'), 
(34, 'Wheelchair accessibility'), 
(35, 'Handrails in the bathroom'), 
(36, 'Accessible shower or bathtub');

INSERT INTO RoomAmenity (room_number, hotel_address, amenity_id) VALUES 
(1, '001 Hezi St, Montreal, Quebec, Canada', 23),
 (1, '001 Hezi St, Montreal, Quebec, Canada', 0),
 (1, '001 Hezi St, Montreal, Quebec, Canada', 27),
 (1, '001 Hezi St, Montreal, Quebec, Canada', 21),
 (1, '001 Hezi St, Montreal, Quebec, Canada', 12),
 (1, '001 Hezi St, Montreal, Quebec, Canada', 3),
 (1, '001 Hezi St, Montreal, Quebec, Canada', 32),
 (1, '001 Hezi St, Montreal, Quebec, Canada', 20),
 (1, '001 Hezi St, Montreal, Quebec, Canada', 10),
 (2, '001 Hezi St, Montreal, Quebec, Canada', 6),
 (2, '001 Hezi St, Montreal, Quebec, Canada', 28),
 (2, '001 Hezi St, Montreal, Quebec, Canada', 33),
 (3, '001 Hezi St, Montreal, Quebec, Canada', 31),
 (3, '001 Hezi St, Montreal, Quebec, Canada', 18),
 (3, '001 Hezi St, Montreal, Quebec, Canada', 9),
 (3, '001 Hezi St, Montreal, Quebec, Canada', 14),
 (3, '001 Hezi St, Montreal, Quebec, Canada', 17),
 (3, '001 Hezi St, Montreal, Quebec, Canada', 25),
 (3, '001 Hezi St, Montreal, Quebec, Canada', 20),
 (3, '001 Hezi St, Montreal, Quebec, Canada', 8),
 (3, '001 Hezi St, Montreal, Quebec, Canada', 24),
 (3, '001 Hezi St, Montreal, Quebec, Canada', 6),
 (3, '001 Hezi St, Montreal, Quebec, Canada', 4),
 (3, '001 Hezi St, Montreal, Quebec, Canada', 27),
 (4, '001 Hezi St, Montreal, Quebec, Canada', 23),
 (4, '001 Hezi St, Montreal, Quebec, Canada', 25),
 (4, '001 Hezi St, Montreal, Quebec, Canada', 2),
 (4, '001 Hezi St, Montreal, Quebec, Canada', 32),
 (4, '001 Hezi St, Montreal, Quebec, Canada', 17),
 (5, '001 Hezi St, Montreal, Quebec, Canada', 30),
 (5, '001 Hezi St, Montreal, Quebec, Canada', 25),
 (5, '001 Hezi St, Montreal, Quebec, Canada', 27),
 (5, '001 Hezi St, Montreal, Quebec, Canada', 18),
 (5, '001 Hezi St, Montreal, Quebec, Canada', 31),
 (5, '001 Hezi St, Montreal, Quebec, Canada', 36),
 (5, '001 Hezi St, Montreal, Quebec, Canada', 16),
 (5, '001 Hezi St, Montreal, Quebec, Canada', 13),
 (5, '001 Hezi St, Montreal, Quebec, Canada', 2),
 (5, '001 Hezi St, Montreal, Quebec, Canada', 17),
 (5, '001 Hezi St, Montreal, Quebec, Canada', 26),
 (5, '001 Hezi St, Montreal, Quebec, Canada', 3),
 (6, '001 Hezi St, Montreal, Quebec, Canada', 29),
 (6, '001 Hezi St, Montreal, Quebec, Canada', 13),
 (6, '001 Hezi St, Montreal, Quebec, Canada', 35),
 (6, '001 Hezi St, Montreal, Quebec, Canada', 34),
 (6, '001 Hezi St, Montreal, Quebec, Canada', 27),
 (6, '001 Hezi St, Montreal, Quebec, Canada', 14),
 (6, '001 Hezi St, Montreal, Quebec, Canada', 6),
 (7, '001 Hezi St, Montreal, Quebec, Canada', 7),
 (7, '001 Hezi St, Montreal, Quebec, Canada', 25),
 (7, '001 Hezi St, Montreal, Quebec, Canada', 31),
 (8, '001 Hezi St, Montreal, Quebec, Canada', 1),
 (1, '002 Hezi St, New York, New York, United States', 2),
 (1, '002 Hezi St, New York, New York, United States', 31),
 (1, '002 Hezi St, New York, New York, United States', 34),
 (1, '002 Hezi St, New York, New York, United States', 17),
 (1, '002 Hezi St, New York, New York, United States', 13),
 (1, '002 Hezi St, New York, New York, United States', 12),
 (1, '002 Hezi St, New York, New York, United States', 30),
 (1, '002 Hezi St, New York, New York, United States', 22),
 (1, '002 Hezi St, New York, New York, United States', 4),
 (1, '002 Hezi St, New York, New York, United States', 28),
 (1, '002 Hezi St, New York, New York, United States', 27),
 (1, '002 Hezi St, New York, New York, United States', 18),
 (1, '002 Hezi St, New York, New York, United States', 21),
 (1, '002 Hezi St, New York, New York, United States', 32),
 (2, '002 Hezi St, New York, New York, United States', 27),
 (2, '002 Hezi St, New York, New York, United States', 35),
 (2, '002 Hezi St, New York, New York, United States', 22),
 (2, '002 Hezi St, New York, New York, United States', 34),
 (2, '002 Hezi St, New York, New York, United States', 5),
 (2, '002 Hezi St, New York, New York, United States', 15),
 (2, '002 Hezi St, New York, New York, United States', 36),
 (2, '002 Hezi St, New York, New York, United States', 7),
 (2, '002 Hezi St, New York, New York, United States', 11),
 (2, '002 Hezi St, New York, New York, United States', 8),
 (2, '002 Hezi St, New York, New York, United States', 0),
 (2, '002 Hezi St, New York, New York, United States', 33),
 (3, '002 Hezi St, New York, New York, United States', 34),
 (3, '002 Hezi St, New York, New York, United States', 28),
 (3, '002 Hezi St, New York, New York, United States', 2),
 (3, '002 Hezi St, New York, New York, United States', 24),
 (4, '002 Hezi St, New York, New York, United States', 4),
 (4, '002 Hezi St, New York, New York, United States', 1),
 (4, '002 Hezi St, New York, New York, United States', 27),
 (4, '002 Hezi St, New York, New York, United States', 0),
 (4, '002 Hezi St, New York, New York, United States', 35),
 (5, '002 Hezi St, New York, New York, United States', 26),
 (5, '002 Hezi St, New York, New York, United States', 19),
 (5, '002 Hezi St, New York, New York, United States', 10),
 (5, '002 Hezi St, New York, New York, United States', 20),
 (5, '002 Hezi St, New York, New York, United States', 9),
 (5, '002 Hezi St, New York, New York, United States', 28),
 (5, '002 Hezi St, New York, New York, United States', 3),
 (5, '002 Hezi St, New York, New York, United States', 23),
 (6, '002 Hezi St, New York, New York, United States', 28),
 (6, '002 Hezi St, New York, New York, United States', 27),
 (6, '002 Hezi St, New York, New York, United States', 36),
 (6, '002 Hezi St, New York, New York, United States', 0),
 (6, '002 Hezi St, New York, New York, United States', 4),
 (6, '002 Hezi St, New York, New York, United States', 26),
 (6, '002 Hezi St, New York, New York, United States', 30),
 (6, '002 Hezi St, New York, New York, United States', 14),
 (6, '002 Hezi St, New York, New York, United States', 6),
 (7, '002 Hezi St, New York, New York, United States', 23),
 (7, '002 Hezi St, New York, New York, United States', 32),
 (7, '002 Hezi St, New York, New York, United States', 21),
 (7, '002 Hezi St, New York, New York, United States', 35),
 (7, '002 Hezi St, New York, New York, United States', 8),
 (7, '002 Hezi St, New York, New York, United States', 11),
 (7, '002 Hezi St, New York, New York, United States', 31),
 (1, '003 Hezi Blvd, Toronto, Ontario, Canada', 32),
 (1, '003 Hezi Blvd, Toronto, Ontario, Canada', 19),
 (1, '003 Hezi Blvd, Toronto, Ontario, Canada', 9),
 (1, '003 Hezi Blvd, Toronto, Ontario, Canada', 18),
 (1, '003 Hezi Blvd, Toronto, Ontario, Canada', 22),
 (1, '003 Hezi Blvd, Toronto, Ontario, Canada', 23),
 (2, '003 Hezi Blvd, Toronto, Ontario, Canada', 5),
 (2, '003 Hezi Blvd, Toronto, Ontario, Canada', 26),
 (2, '003 Hezi Blvd, Toronto, Ontario, Canada', 3),
 (2, '003 Hezi Blvd, Toronto, Ontario, Canada', 2),
 (2, '003 Hezi Blvd, Toronto, Ontario, Canada', 31),
 (2, '003 Hezi Blvd, Toronto, Ontario, Canada', 20),
 (2, '003 Hezi Blvd, Toronto, Ontario, Canada', 15),
 (2, '003 Hezi Blvd, Toronto, Ontario, Canada', 33),
 (2, '003 Hezi Blvd, Toronto, Ontario, Canada', 30),
 (2, '003 Hezi Blvd, Toronto, Ontario, Canada', 24),
 (3, '003 Hezi Blvd, Toronto, Ontario, Canada', 18),
 (3, '003 Hezi Blvd, Toronto, Ontario, Canada', 26),
 (3, '003 Hezi Blvd, Toronto, Ontario, Canada', 0),
 (3, '003 Hezi Blvd, Toronto, Ontario, Canada', 33),
 (3, '003 Hezi Blvd, Toronto, Ontario, Canada', 11),
 (4, '003 Hezi Blvd, Toronto, Ontario, Canada', 17),
 (4, '003 Hezi Blvd, Toronto, Ontario, Canada', 36),
 (4, '003 Hezi Blvd, Toronto, Ontario, Canada', 5),
 (4, '003 Hezi Blvd, Toronto, Ontario, Canada', 29),
 (4, '003 Hezi Blvd, Toronto, Ontario, Canada', 33),
 (4, '003 Hezi Blvd, Toronto, Ontario, Canada', 23),
 (4, '003 Hezi Blvd, Toronto, Ontario, Canada', 18),
 (4, '003 Hezi Blvd, Toronto, Ontario, Canada', 9),
 (4, '003 Hezi Blvd, Toronto, Ontario, Canada', 13),
 (4, '003 Hezi Blvd, Toronto, Ontario, Canada', 27),
 (4, '003 Hezi Blvd, Toronto, Ontario, Canada', 22),
 (4, '003 Hezi Blvd, Toronto, Ontario, Canada', 20),
 (5, '003 Hezi Blvd, Toronto, Ontario, Canada', 30),
 (5, '003 Hezi Blvd, Toronto, Ontario, Canada', 13),
 (5, '003 Hezi Blvd, Toronto, Ontario, Canada', 2),
 (5, '003 Hezi Blvd, Toronto, Ontario, Canada', 12),
 (1, '004 Hezi Rd, New York, New York, United States', 15),
 (1, '004 Hezi Rd, New York, New York, United States', 36),
 (1, '004 Hezi Rd, New York, New York, United States', 11),
 (1, '004 Hezi Rd, New York, New York, United States', 3),
 (1, '004 Hezi Rd, New York, New York, United States', 26),
 (1, '004 Hezi Rd, New York, New York, United States', 20),
 (1, '004 Hezi Rd, New York, New York, United States', 10),
 (1, '004 Hezi Rd, New York, New York, United States', 17),
 (1, '004 Hezi Rd, New York, New York, United States', 27),
 (2, '004 Hezi Rd, New York, New York, United States', 6),
 (2, '004 Hezi Rd, New York, New York, United States', 14),
 (2, '004 Hezi Rd, New York, New York, United States', 30),
 (2, '004 Hezi Rd, New York, New York, United States', 18),
 (2, '004 Hezi Rd, New York, New York, United States', 11),
 (2, '004 Hezi Rd, New York, New York, United States', 36),
 (3, '004 Hezi Rd, New York, New York, United States', 23),
 (3, '004 Hezi Rd, New York, New York, United States', 16),
 (3, '004 Hezi Rd, New York, New York, United States', 13),
 (4, '004 Hezi Rd, New York, New York, United States', 22),
 (4, '004 Hezi Rd, New York, New York, United States', 17),
 (4, '004 Hezi Rd, New York, New York, United States', 27),
 (4, '004 Hezi Rd, New York, New York, United States', 29),
 (4, '004 Hezi Rd, New York, New York, United States', 5),
 (5, '004 Hezi Rd, New York, New York, United States', 14),
 (5, '004 Hezi Rd, New York, New York, United States', 5),
 (5, '004 Hezi Rd, New York, New York, United States', 3),
 (5, '004 Hezi Rd, New York, New York, United States', 34),
 (5, '004 Hezi Rd, New York, New York, United States', 23),
 (5, '004 Hezi Rd, New York, New York, United States', 19),
 (5, '004 Hezi Rd, New York, New York, United States', 0),
 (5, '004 Hezi Rd, New York, New York, United States', 8),
 (5, '004 Hezi Rd, New York, New York, United States', 6),
 (1, '005 Hezi Ave, Los Angeles, California, United States', 31),
 (1, '005 Hezi Ave, Los Angeles, California, United States', 11),
 (1, '005 Hezi Ave, Los Angeles, California, United States', 27),
 (1, '005 Hezi Ave, Los Angeles, California, United States', 23),
 (1, '005 Hezi Ave, Los Angeles, California, United States', 8),
 (1, '005 Hezi Ave, Los Angeles, California, United States', 34),
 (1, '005 Hezi Ave, Los Angeles, California, United States', 2),
 (1, '005 Hezi Ave, Los Angeles, California, United States', 36),
 (1, '005 Hezi Ave, Los Angeles, California, United States', 4),
 (2, '005 Hezi Ave, Los Angeles, California, United States', 26),
 (2, '005 Hezi Ave, Los Angeles, California, United States', 18),
 (2, '005 Hezi Ave, Los Angeles, California, United States', 21),
 (2, '005 Hezi Ave, Los Angeles, California, United States', 19),
 (3, '005 Hezi Ave, Los Angeles, California, United States', 31),
 (3, '005 Hezi Ave, Los Angeles, California, United States', 11),
 (3, '005 Hezi Ave, Los Angeles, California, United States', 25),
 (3, '005 Hezi Ave, Los Angeles, California, United States', 10),
 (3, '005 Hezi Ave, Los Angeles, California, United States', 18),
 (3, '005 Hezi Ave, Los Angeles, California, United States', 5),
 (3, '005 Hezi Ave, Los Angeles, California, United States', 27),
 (4, '005 Hezi Ave, Los Angeles, California, United States', 16),
 (4, '005 Hezi Ave, Los Angeles, California, United States', 14),
 (4, '005 Hezi Ave, Los Angeles, California, United States', 17),
 (4, '005 Hezi Ave, Los Angeles, California, United States', 34),
 (5, '005 Hezi Ave, Los Angeles, California, United States', 25),
 (5, '005 Hezi Ave, Los Angeles, California, United States', 2),
 (5, '005 Hezi Ave, Los Angeles, California, United States', 11),
 (5, '005 Hezi Ave, Los Angeles, California, United States', 10),
 (5, '005 Hezi Ave, Los Angeles, California, United States', 20),
 (5, '005 Hezi Ave, Los Angeles, California, United States', 33),
 (2, '006 Hezi St, New York, New York, United States', 4),
 (3, '006 Hezi St, New York, New York, United States', 25),
 (3, '006 Hezi St, New York, New York, United States', 14),
 (3, '006 Hezi St, New York, New York, United States', 21),
 (3, '006 Hezi St, New York, New York, United States', 6),
 (3, '006 Hezi St, New York, New York, United States', 0),
 (3, '006 Hezi St, New York, New York, United States', 29),
 (3, '006 Hezi St, New York, New York, United States', 33),
 (3, '006 Hezi St, New York, New York, United States', 12),
 (3, '006 Hezi St, New York, New York, United States', 1),
 (4, '006 Hezi St, New York, New York, United States', 6),
 (4, '006 Hezi St, New York, New York, United States', 12),
 (5, '006 Hezi St, New York, New York, United States', 25),
 (5, '006 Hezi St, New York, New York, United States', 15),
 (5, '006 Hezi St, New York, New York, United States', 14),
 (5, '006 Hezi St, New York, New York, United States', 21),
 (5, '006 Hezi St, New York, New York, United States', 34),
 (1, '007 Hezi St, Toronto, Ontario, Canada', 14),
 (2, '007 Hezi St, Toronto, Ontario, Canada', 19),
 (2, '007 Hezi St, Toronto, Ontario, Canada', 24),
 (2, '007 Hezi St, Toronto, Ontario, Canada', 7),
 (2, '007 Hezi St, Toronto, Ontario, Canada', 35),
 (2, '007 Hezi St, Toronto, Ontario, Canada', 21),
 (3, '007 Hezi St, Toronto, Ontario, Canada', 34),
 (3, '007 Hezi St, Toronto, Ontario, Canada', 21),
 (3, '007 Hezi St, Toronto, Ontario, Canada', 15),
 (3, '007 Hezi St, Toronto, Ontario, Canada', 29),
 (3, '007 Hezi St, Toronto, Ontario, Canada', 0),
 (3, '007 Hezi St, Toronto, Ontario, Canada', 12),
 (3, '007 Hezi St, Toronto, Ontario, Canada', 1),
 (3, '007 Hezi St, Toronto, Ontario, Canada', 27),
 (3, '007 Hezi St, Toronto, Ontario, Canada', 14),
 (3, '007 Hezi St, Toronto, Ontario, Canada', 22),
 (4, '007 Hezi St, Toronto, Ontario, Canada', 17),
 (4, '007 Hezi St, Toronto, Ontario, Canada', 8),
 (4, '007 Hezi St, Toronto, Ontario, Canada', 16),
 (4, '007 Hezi St, Toronto, Ontario, Canada', 19),
 (4, '007 Hezi St, Toronto, Ontario, Canada', 13),
 (4, '007 Hezi St, Toronto, Ontario, Canada', 30),
 (5, '007 Hezi St, Toronto, Ontario, Canada', 7),
 (5, '007 Hezi St, Toronto, Ontario, Canada', 15),
 (5, '007 Hezi St, Toronto, Ontario, Canada', 9),
 (5, '007 Hezi St, Toronto, Ontario, Canada', 25),
 (5, '007 Hezi St, Toronto, Ontario, Canada', 12),
 (1, '008 Hezi Rd, New York, New York, United States', 30),
 (1, '008 Hezi Rd, New York, New York, United States', 35),
 (1, '008 Hezi Rd, New York, New York, United States', 13),
 (1, '008 Hezi Rd, New York, New York, United States', 20),
 (1, '008 Hezi Rd, New York, New York, United States', 32),
 (1, '008 Hezi Rd, New York, New York, United States', 17),
 (1, '008 Hezi Rd, New York, New York, United States', 3),
 (2, '008 Hezi Rd, New York, New York, United States', 27),
 (2, '008 Hezi Rd, New York, New York, United States', 35),
 (3, '008 Hezi Rd, New York, New York, United States', 35),
 (3, '008 Hezi Rd, New York, New York, United States', 33),
 (3, '008 Hezi Rd, New York, New York, United States', 11),
 (3, '008 Hezi Rd, New York, New York, United States', 12),
 (3, '008 Hezi Rd, New York, New York, United States', 30),
 (3, '008 Hezi Rd, New York, New York, United States', 28),
 (3, '008 Hezi Rd, New York, New York, United States', 36),
 (3, '008 Hezi Rd, New York, New York, United States', 9),
 (4, '008 Hezi Rd, New York, New York, United States', 7),
 (5, '008 Hezi Rd, New York, New York, United States', 35),
 (5, '008 Hezi Rd, New York, New York, United States', 21),
 (1, '009 Hezi St, Ottawa, Ontario, Canada', 22),
 (1, '009 Hezi St, Ottawa, Ontario, Canada', 16),
 (1, '009 Hezi St, Ottawa, Ontario, Canada', 0),
 (2, '009 Hezi St, Ottawa, Ontario, Canada', 29),
 (2, '009 Hezi St, Ottawa, Ontario, Canada', 13),
 (2, '009 Hezi St, Ottawa, Ontario, Canada', 14),
 (2, '009 Hezi St, Ottawa, Ontario, Canada', 11),
 (2, '009 Hezi St, Ottawa, Ontario, Canada', 23),
 (2, '009 Hezi St, Ottawa, Ontario, Canada', 9),
 (2, '009 Hezi St, Ottawa, Ontario, Canada', 34),
 (2, '009 Hezi St, Ottawa, Ontario, Canada', 32),
 (2, '009 Hezi St, Ottawa, Ontario, Canada', 8),
 (2, '009 Hezi St, Ottawa, Ontario, Canada', 2),
 (2, '009 Hezi St, Ottawa, Ontario, Canada', 36),
 (2, '009 Hezi St, Ottawa, Ontario, Canada', 21),
 (2, '009 Hezi St, Ottawa, Ontario, Canada', 3),
 (2, '009 Hezi St, Ottawa, Ontario, Canada', 6),
 (2, '009 Hezi St, Ottawa, Ontario, Canada', 20),
 (3, '009 Hezi St, Ottawa, Ontario, Canada', 19),
 (3, '009 Hezi St, Ottawa, Ontario, Canada', 12),
 (3, '009 Hezi St, Ottawa, Ontario, Canada', 17),
 (3, '009 Hezi St, Ottawa, Ontario, Canada', 11),
 (3, '009 Hezi St, Ottawa, Ontario, Canada', 36),
 (3, '009 Hezi St, Ottawa, Ontario, Canada', 26),
 (3, '009 Hezi St, Ottawa, Ontario, Canada', 35),
 (3, '009 Hezi St, Ottawa, Ontario, Canada', 16),
 (3, '009 Hezi St, Ottawa, Ontario, Canada', 34),
 (3, '009 Hezi St, Ottawa, Ontario, Canada', 15),
 (4, '009 Hezi St, Ottawa, Ontario, Canada', 31),
 (4, '009 Hezi St, Ottawa, Ontario, Canada', 15),
 (4, '009 Hezi St, Ottawa, Ontario, Canada', 5),
 (4, '009 Hezi St, Ottawa, Ontario, Canada', 2),
 (4, '009 Hezi St, Ottawa, Ontario, Canada', 24),
 (4, '009 Hezi St, Ottawa, Ontario, Canada', 16),
 (4, '009 Hezi St, Ottawa, Ontario, Canada', 19),
 (4, '009 Hezi St, Ottawa, Ontario, Canada', 4),
 (4, '009 Hezi St, Ottawa, Ontario, Canada', 12),
 (4, '009 Hezi St, Ottawa, Ontario, Canada', 13),
 (4, '009 Hezi St, Ottawa, Ontario, Canada', 33),
 (4, '009 Hezi St, Ottawa, Ontario, Canada', 9),
 (4, '009 Hezi St, Ottawa, Ontario, Canada', 11),
 (4, '009 Hezi St, Ottawa, Ontario, Canada', 0),
 (4, '009 Hezi St, Ottawa, Ontario, Canada', 10),
 (4, '009 Hezi St, Ottawa, Ontario, Canada', 7),
 (5, '009 Hezi St, Ottawa, Ontario, Canada', 19),
 (5, '009 Hezi St, Ottawa, Ontario, Canada', 32),
 (5, '009 Hezi St, Ottawa, Ontario, Canada', 7),
 (5, '009 Hezi St, Ottawa, Ontario, Canada', 6),
 (5, '009 Hezi St, Ottawa, Ontario, Canada', 16),
 (1, '010 Hezi Ave, Toronto, Ontario, Canada', 28),
 (1, '010 Hezi Ave, Toronto, Ontario, Canada', 6),
 (1, '010 Hezi Ave, Toronto, Ontario, Canada', 2),
 (1, '010 Hezi Ave, Toronto, Ontario, Canada', 19),
 (1, '010 Hezi Ave, Toronto, Ontario, Canada', 0),
 (1, '010 Hezi Ave, Toronto, Ontario, Canada', 25),
 (2, '010 Hezi Ave, Toronto, Ontario, Canada', 30),
 (2, '010 Hezi Ave, Toronto, Ontario, Canada', 14),
 (2, '010 Hezi Ave, Toronto, Ontario, Canada', 12),
 (2, '010 Hezi Ave, Toronto, Ontario, Canada', 36),
 (2, '010 Hezi Ave, Toronto, Ontario, Canada', 17),
 (2, '010 Hezi Ave, Toronto, Ontario, Canada', 4),
 (2, '010 Hezi Ave, Toronto, Ontario, Canada', 28),
 (3, '010 Hezi Ave, Toronto, Ontario, Canada', 5),
 (3, '010 Hezi Ave, Toronto, Ontario, Canada', 33),
 (3, '010 Hezi Ave, Toronto, Ontario, Canada', 6),
 (3, '010 Hezi Ave, Toronto, Ontario, Canada', 15),
 (3, '010 Hezi Ave, Toronto, Ontario, Canada', 14),
 (3, '010 Hezi Ave, Toronto, Ontario, Canada', 2),
 (3, '010 Hezi Ave, Toronto, Ontario, Canada', 24),
 (3, '010 Hezi Ave, Toronto, Ontario, Canada', 10),
 (3, '010 Hezi Ave, Toronto, Ontario, Canada', 23),
 (3, '010 Hezi Ave, Toronto, Ontario, Canada', 13),
 (4, '010 Hezi Ave, Toronto, Ontario, Canada', 30),
 (5, '010 Hezi Ave, Toronto, Ontario, Canada', 7),
 (5, '010 Hezi Ave, Toronto, Ontario, Canada', 32),
 (5, '010 Hezi Ave, Toronto, Ontario, Canada', 28),
 (5, '010 Hezi Ave, Toronto, Ontario, Canada', 13),
 (1, '011 Hezi St, Los Angeles, California, United States', 0),
 (1, '011 Hezi St, Los Angeles, California, United States', 21),
 (1, '011 Hezi St, Los Angeles, California, United States', 13),
 (2, '011 Hezi St, Los Angeles, California, United States', 14),
 (2, '011 Hezi St, Los Angeles, California, United States', 33),
 (2, '011 Hezi St, Los Angeles, California, United States', 10),
 (3, '011 Hezi St, Los Angeles, California, United States', 31),
 (3, '011 Hezi St, Los Angeles, California, United States', 0),
 (3, '011 Hezi St, Los Angeles, California, United States', 6),
 (3, '011 Hezi St, Los Angeles, California, United States', 1),
 (3, '011 Hezi St, Los Angeles, California, United States', 3),
 (3, '011 Hezi St, Los Angeles, California, United States', 13),
 (3, '011 Hezi St, Los Angeles, California, United States', 11),
 (3, '011 Hezi St, Los Angeles, California, United States', 30),
 (3, '011 Hezi St, Los Angeles, California, United States', 15),
 (4, '011 Hezi St, Los Angeles, California, United States', 9),
 (4, '011 Hezi St, Los Angeles, California, United States', 10),
 (4, '011 Hezi St, Los Angeles, California, United States', 4),
 (4, '011 Hezi St, Los Angeles, California, United States', 2),
 (4, '011 Hezi St, Los Angeles, California, United States', 12),
 (4, '011 Hezi St, Los Angeles, California, United States', 11),
 (4, '011 Hezi St, Los Angeles, California, United States', 19),
 (4, '011 Hezi St, Los Angeles, California, United States', 0),
 (5, '011 Hezi St, Los Angeles, California, United States', 22),
 (5, '011 Hezi St, Los Angeles, California, United States', 10),
 (5, '011 Hezi St, Los Angeles, California, United States', 8),
 (5, '011 Hezi St, Los Angeles, California, United States', 14),
 (5, '011 Hezi St, Los Angeles, California, United States', 30),
 (5, '011 Hezi St, Los Angeles, California, United States', 32),
 (5, '011 Hezi St, Los Angeles, California, United States', 3),
 (5, '011 Hezi St, Los Angeles, California, United States', 1),
 (1, '012 Hezi St, Las Vegas, Nevada, United States', 25),
 (1, '012 Hezi St, Las Vegas, Nevada, United States', 26),
 (1, '012 Hezi St, Las Vegas, Nevada, United States', 7),
 (1, '012 Hezi St, Las Vegas, Nevada, United States', 9),
 (2, '012 Hezi St, Las Vegas, Nevada, United States', 27),
 (2, '012 Hezi St, Las Vegas, Nevada, United States', 14),
 (2, '012 Hezi St, Las Vegas, Nevada, United States', 18),
 (2, '012 Hezi St, Las Vegas, Nevada, United States', 16),
 (2, '012 Hezi St, Las Vegas, Nevada, United States', 35),
 (3, '012 Hezi St, Las Vegas, Nevada, United States', 31),
 (3, '012 Hezi St, Las Vegas, Nevada, United States', 24),
 (3, '012 Hezi St, Las Vegas, Nevada, United States', 6),
 (3, '012 Hezi St, Las Vegas, Nevada, United States', 12),
 (3, '012 Hezi St, Las Vegas, Nevada, United States', 8),
 (3, '012 Hezi St, Las Vegas, Nevada, United States', 34),
 (4, '012 Hezi St, Las Vegas, Nevada, United States', 20),
 (4, '012 Hezi St, Las Vegas, Nevada, United States', 4),
 (4, '012 Hezi St, Las Vegas, Nevada, United States', 30),
 (4, '012 Hezi St, Las Vegas, Nevada, United States', 35),
 (4, '012 Hezi St, Las Vegas, Nevada, United States', 16),
 (4, '012 Hezi St, Las Vegas, Nevada, United States', 0),
 (4, '012 Hezi St, Las Vegas, Nevada, United States', 33),
 (4, '012 Hezi St, Las Vegas, Nevada, United States', 10),
 (4, '012 Hezi St, Las Vegas, Nevada, United States', 26),
 (4, '012 Hezi St, Las Vegas, Nevada, United States', 14),
 (4, '012 Hezi St, Las Vegas, Nevada, United States', 29),
 (4, '012 Hezi St, Las Vegas, Nevada, United States', 27),
 (5, '012 Hezi St, Las Vegas, Nevada, United States', 30),
 (5, '012 Hezi St, Las Vegas, Nevada, United States', 19),
 (5, '012 Hezi St, Las Vegas, Nevada, United States', 35),
 (5, '012 Hezi St, Las Vegas, Nevada, United States', 12),
 (5, '012 Hezi St, Las Vegas, Nevada, United States', 27),
 (5, '012 Hezi St, Las Vegas, Nevada, United States', 28),
 (5, '012 Hezi St, Las Vegas, Nevada, United States', 11),
 (5, '012 Hezi St, Las Vegas, Nevada, United States', 6),
 (1, '101 Emerald Blvd, Ottawa, Ontario, Canada', 11),
 (1, '101 Emerald Blvd, Ottawa, Ontario, Canada', 33),
 (1, '101 Emerald Blvd, Ottawa, Ontario, Canada', 29),
 (1, '101 Emerald Blvd, Ottawa, Ontario, Canada', 19),
 (1, '101 Emerald Blvd, Ottawa, Ontario, Canada', 16),
 (2, '101 Emerald Blvd, Ottawa, Ontario, Canada', 1),
 (2, '101 Emerald Blvd, Ottawa, Ontario, Canada', 23),
 (2, '101 Emerald Blvd, Ottawa, Ontario, Canada', 27),
 (2, '101 Emerald Blvd, Ottawa, Ontario, Canada', 14),
 (2, '101 Emerald Blvd, Ottawa, Ontario, Canada', 33),
 (2, '101 Emerald Blvd, Ottawa, Ontario, Canada', 6),
 (4, '101 Emerald Blvd, Ottawa, Ontario, Canada', 21),
 (4, '101 Emerald Blvd, Ottawa, Ontario, Canada', 29),
 (4, '101 Emerald Blvd, Ottawa, Ontario, Canada', 24),
 (4, '101 Emerald Blvd, Ottawa, Ontario, Canada', 23),
 (4, '101 Emerald Blvd, Ottawa, Ontario, Canada', 30),
 (5, '101 Emerald Blvd, Ottawa, Ontario, Canada', 22),
 (5, '101 Emerald Blvd, Ottawa, Ontario, Canada', 15),
 (5, '101 Emerald Blvd, Ottawa, Ontario, Canada', 9),
 (5, '101 Emerald Blvd, Ottawa, Ontario, Canada', 30),
 (5, '101 Emerald Blvd, Ottawa, Ontario, Canada', 29),
 (5, '101 Emerald Blvd, Ottawa, Ontario, Canada', 13),
 (5, '101 Emerald Blvd, Ottawa, Ontario, Canada', 20),
 (5, '101 Emerald Blvd, Ottawa, Ontario, Canada', 18),
 (5, '101 Emerald Blvd, Ottawa, Ontario, Canada', 19),
 (5, '101 Emerald Blvd, Ottawa, Ontario, Canada', 0),
 (1, '102 Emerald Rd, New York, New York, United States', 34),
 (1, '102 Emerald Rd, New York, New York, United States', 29),
 (1, '102 Emerald Rd, New York, New York, United States', 25),
 (1, '102 Emerald Rd, New York, New York, United States', 12),
 (1, '102 Emerald Rd, New York, New York, United States', 2),
 (1, '102 Emerald Rd, New York, New York, United States', 32),
 (1, '102 Emerald Rd, New York, New York, United States', 17),
 (1, '102 Emerald Rd, New York, New York, United States', 24),
 (1, '102 Emerald Rd, New York, New York, United States', 14),
 (3, '102 Emerald Rd, New York, New York, United States', 7),
 (4, '102 Emerald Rd, New York, New York, United States', 14),
 (4, '102 Emerald Rd, New York, New York, United States', 22),
 (4, '102 Emerald Rd, New York, New York, United States', 18),
 (4, '102 Emerald Rd, New York, New York, United States', 0),
 (4, '102 Emerald Rd, New York, New York, United States', 33),
 (4, '102 Emerald Rd, New York, New York, United States', 16),
 (4, '102 Emerald Rd, New York, New York, United States', 2),
 (4, '102 Emerald Rd, New York, New York, United States', 9),
 (5, '102 Emerald Rd, New York, New York, United States', 32),
 (5, '102 Emerald Rd, New York, New York, United States', 4),
 (5, '102 Emerald Rd, New York, New York, United States', 26),
 (5, '102 Emerald Rd, New York, New York, United States', 14),
 (5, '102 Emerald Rd, New York, New York, United States', 0),
 (1, '103 Emerald Ave, Los Angeles, California, United States', 20),
 (1, '103 Emerald Ave, Los Angeles, California, United States', 9),
 (1, '103 Emerald Ave, Los Angeles, California, United States', 28),
 (2, '103 Emerald Ave, Los Angeles, California, United States', 11),
 (3, '103 Emerald Ave, Los Angeles, California, United States', 20),
 (3, '103 Emerald Ave, Los Angeles, California, United States', 28),
 (3, '103 Emerald Ave, Los Angeles, California, United States', 27),
 (3, '103 Emerald Ave, Los Angeles, California, United States', 26),
 (3, '103 Emerald Ave, Los Angeles, California, United States', 35),
 (3, '103 Emerald Ave, Los Angeles, California, United States', 18),
 (3, '103 Emerald Ave, Los Angeles, California, United States', 11),
 (3, '103 Emerald Ave, Los Angeles, California, United States', 14),
 (3, '103 Emerald Ave, Los Angeles, California, United States', 3),
 (3, '103 Emerald Ave, Los Angeles, California, United States', 33),
 (3, '103 Emerald Ave, Los Angeles, California, United States', 19),
 (4, '103 Emerald Ave, Los Angeles, California, United States', 18),
 (4, '103 Emerald Ave, Los Angeles, California, United States', 7),
 (4, '103 Emerald Ave, Los Angeles, California, United States', 34),
 (4, '103 Emerald Ave, Los Angeles, California, United States', 6),
 (5, '103 Emerald Ave, Los Angeles, California, United States', 35),
 (5, '103 Emerald Ave, Los Angeles, California, United States', 12),
 (5, '103 Emerald Ave, Los Angeles, California, United States', 25),
 (5, '103 Emerald Ave, Los Angeles, California, United States', 27),
 (5, '103 Emerald Ave, Los Angeles, California, United States', 18),
 (1, '104 Emerald St, Los Angeles, California, United States', 31),
 (1, '104 Emerald St, Los Angeles, California, United States', 33),
 (1, '104 Emerald St, Los Angeles, California, United States', 23),
 (1, '104 Emerald St, Los Angeles, California, United States', 11),
 (1, '104 Emerald St, Los Angeles, California, United States', 14),
 (1, '104 Emerald St, Los Angeles, California, United States', 3),
 (1, '104 Emerald St, Los Angeles, California, United States', 30),
 (1, '104 Emerald St, Los Angeles, California, United States', 12),
 (1, '104 Emerald St, Los Angeles, California, United States', 27),
 (1, '104 Emerald St, Los Angeles, California, United States', 24),
 (1, '104 Emerald St, Los Angeles, California, United States', 8),
 (2, '104 Emerald St, Los Angeles, California, United States', 35),
 (2, '104 Emerald St, Los Angeles, California, United States', 23),
 (2, '104 Emerald St, Los Angeles, California, United States', 8),
 (2, '104 Emerald St, Los Angeles, California, United States', 36),
 (2, '104 Emerald St, Los Angeles, California, United States', 6),
 (2, '104 Emerald St, Los Angeles, California, United States', 16),
 (2, '104 Emerald St, Los Angeles, California, United States', 22),
 (2, '104 Emerald St, Los Angeles, California, United States', 28),
 (2, '104 Emerald St, Los Angeles, California, United States', 26),
 (2, '104 Emerald St, Los Angeles, California, United States', 33),
 (3, '104 Emerald St, Los Angeles, California, United States', 2),
 (3, '104 Emerald St, Los Angeles, California, United States', 4),
 (3, '104 Emerald St, Los Angeles, California, United States', 17),
 (3, '104 Emerald St, Los Angeles, California, United States', 26),
 (3, '104 Emerald St, Los Angeles, California, United States', 32),
 (3, '104 Emerald St, Los Angeles, California, United States', 7),
 (4, '104 Emerald St, Los Angeles, California, United States', 22),
 (4, '104 Emerald St, Los Angeles, California, United States', 27),
 (4, '104 Emerald St, Los Angeles, California, United States', 12),
 (3, '414 ZouZou Rd, Moscow, Russia', 13),
 (4, '104 Emerald St, Los Angeles, California, United States', 18),
 (4, '104 Emerald St, Los Angeles, California, United States', 30),
 (4, '104 Emerald St, Los Angeles, California, United States', 20),
 (4, '104 Emerald St, Los Angeles, California, United States', 35),
 (4, '104 Emerald St, Los Angeles, California, United States', 23),
 (4, '104 Emerald St, Los Angeles, California, United States', 13),
 (5, '104 Emerald St, Los Angeles, California, United States', 7),
 (1, '105 Emerald Blvd, Los Angeles, California, United States', 8),
 (1, '105 Emerald Blvd, Los Angeles, California, United States', 11),
 (1, '105 Emerald Blvd, Los Angeles, California, United States', 34),
 (1, '105 Emerald Blvd, Los Angeles, California, United States', 6),
 (1, '105 Emerald Blvd, Los Angeles, California, United States', 5),
 (1, '105 Emerald Blvd, Los Angeles, California, United States', 4),
 (1, '105 Emerald Blvd, Los Angeles, California, United States', 2),
 (1, '105 Emerald Blvd, Los Angeles, California, United States', 30),
 (1, '105 Emerald Blvd, Los Angeles, California, United States', 35),
 (1, '105 Emerald Blvd, Los Angeles, California, United States', 17),
 (2, '105 Emerald Blvd, Los Angeles, California, United States', 21),
 (2, '105 Emerald Blvd, Los Angeles, California, United States', 27),
 (2, '105 Emerald Blvd, Los Angeles, California, United States', 10),
 (3, '105 Emerald Blvd, Los Angeles, California, United States', 3),
 (3, '105 Emerald Blvd, Los Angeles, California, United States', 31),
 (3, '105 Emerald Blvd, Los Angeles, California, United States', 34),
 (3, '105 Emerald Blvd, Los Angeles, California, United States', 7),
 (3, '105 Emerald Blvd, Los Angeles, California, United States', 15),
 (3, '105 Emerald Blvd, Los Angeles, California, United States', 33),
 (3, '105 Emerald Blvd, Los Angeles, California, United States', 30),
 (4, '105 Emerald Blvd, Los Angeles, California, United States', 14),
 (4, '105 Emerald Blvd, Los Angeles, California, United States', 3),
 (5, '105 Emerald Blvd, Los Angeles, California, United States', 12),
 (5, '105 Emerald Blvd, Los Angeles, California, United States', 4),
 (5, '105 Emerald Blvd, Los Angeles, California, United States', 0),
 (5, '105 Emerald Blvd, Los Angeles, California, United States', 22),
 (5, '105 Emerald Blvd, Los Angeles, California, United States', 1),
 (5, '105 Emerald Blvd, Los Angeles, California, United States', 32),
 (5, '105 Emerald Blvd, Los Angeles, California, United States', 35),
 (1, '106 Emerald Rd, New York, New York, United States', 20),
 (1, '106 Emerald Rd, New York, New York, United States', 1),
 (1, '106 Emerald Rd, New York, New York, United States', 9),
 (1, '106 Emerald Rd, New York, New York, United States', 10),
 (1, '106 Emerald Rd, New York, New York, United States', 22),
 (1, '106 Emerald Rd, New York, New York, United States', 36),
 (2, '106 Emerald Rd, New York, New York, United States', 33),
 (2, '106 Emerald Rd, New York, New York, United States', 21),
 (2, '106 Emerald Rd, New York, New York, United States', 18),
 (2, '106 Emerald Rd, New York, New York, United States', 19),
 (2, '106 Emerald Rd, New York, New York, United States', 15),
 (3, '106 Emerald Rd, New York, New York, United States', 5),
 (3, '106 Emerald Rd, New York, New York, United States', 19),
 (3, '106 Emerald Rd, New York, New York, United States', 3),
 (3, '106 Emerald Rd, New York, New York, United States', 7),
 (3, '106 Emerald Rd, New York, New York, United States', 11),
 (3, '106 Emerald Rd, New York, New York, United States', 31),
 (3, '106 Emerald Rd, New York, New York, United States', 26),
 (3, '106 Emerald Rd, New York, New York, United States', 29),
 (3, '106 Emerald Rd, New York, New York, United States', 36),
 (4, '106 Emerald Rd, New York, New York, United States', 20),
 (4, '106 Emerald Rd, New York, New York, United States', 17),
 (4, '106 Emerald Rd, New York, New York, United States', 19),
 (4, '106 Emerald Rd, New York, New York, United States', 22),
 (4, '106 Emerald Rd, New York, New York, United States', 10),
 (4, '106 Emerald Rd, New York, New York, United States', 34),
 (4, '106 Emerald Rd, New York, New York, United States', 29),
 (4, '106 Emerald Rd, New York, New York, United States', 5),
 (4, '106 Emerald Rd, New York, New York, United States', 11),
 (4, '106 Emerald Rd, New York, New York, United States', 18),
 (4, '106 Emerald Rd, New York, New York, United States', 27),
 (4, '106 Emerald Rd, New York, New York, United States', 4),
 (4, '106 Emerald Rd, New York, New York, United States', 24),
 (4, '106 Emerald Rd, New York, New York, United States', 30),
 (4, '106 Emerald Rd, New York, New York, United States', 33),
 (5, '106 Emerald Rd, New York, New York, United States', 29),
 (5, '106 Emerald Rd, New York, New York, United States', 33),
 (5, '106 Emerald Rd, New York, New York, United States', 24),
 (5, '106 Emerald Rd, New York, New York, United States', 32),
 (5, '106 Emerald Rd, New York, New York, United States', 26),
 (5, '106 Emerald Rd, New York, New York, United States', 35),
 (5, '106 Emerald Rd, New York, New York, United States', 30),
 (5, '106 Emerald Rd, New York, New York, United States', 17),
 (1, '107 Emerald Ave, Las Vegas, Nevada, United States', 8),
 (1, '107 Emerald Ave, Las Vegas, Nevada, United States', 16),
 (1, '107 Emerald Ave, Las Vegas, Nevada, United States', 4),
 (1, '107 Emerald Ave, Las Vegas, Nevada, United States', 33),
 (2, '107 Emerald Ave, Las Vegas, Nevada, United States', 29),
 (2, '107 Emerald Ave, Las Vegas, Nevada, United States', 0),
 (2, '107 Emerald Ave, Las Vegas, Nevada, United States', 32),
 (2, '107 Emerald Ave, Las Vegas, Nevada, United States', 21),
 (2, '107 Emerald Ave, Las Vegas, Nevada, United States', 28),
 (2, '107 Emerald Ave, Las Vegas, Nevada, United States', 2),
 (3, '107 Emerald Ave, Las Vegas, Nevada, United States', 7),
 (3, '107 Emerald Ave, Las Vegas, Nevada, United States', 20),
 (3, '107 Emerald Ave, Las Vegas, Nevada, United States', 2),
 (3, '107 Emerald Ave, Las Vegas, Nevada, United States', 15),
 (3, '107 Emerald Ave, Las Vegas, Nevada, United States', 13),
 (4, '107 Emerald Ave, Las Vegas, Nevada, United States', 17),
 (4, '107 Emerald Ave, Las Vegas, Nevada, United States', 18),
 (4, '107 Emerald Ave, Las Vegas, Nevada, United States', 13),
 (4, '107 Emerald Ave, Las Vegas, Nevada, United States', 19),
 (5, '107 Emerald Ave, Las Vegas, Nevada, United States', 9),
 (5, '107 Emerald Ave, Las Vegas, Nevada, United States', 7),
 (5, '107 Emerald Ave, Las Vegas, Nevada, United States', 35),
 (5, '107 Emerald Ave, Las Vegas, Nevada, United States', 29),
 (5, '107 Emerald Ave, Las Vegas, Nevada, United States', 5),
 (5, '107 Emerald Ave, Las Vegas, Nevada, United States', 28),
 (5, '107 Emerald Ave, Las Vegas, Nevada, United States', 0),
 (5, '107 Emerald Ave, Las Vegas, Nevada, United States', 4),
 (1, '108 Emerald St, Montreal, Quebec, Canada', 13),
 (1, '108 Emerald St, Montreal, Quebec, Canada', 34),
 (1, '108 Emerald St, Montreal, Quebec, Canada', 15),
 (2, '108 Emerald St, Montreal, Quebec, Canada', 36),
 (2, '108 Emerald St, Montreal, Quebec, Canada', 0),
 (2, '108 Emerald St, Montreal, Quebec, Canada', 32),
 (3, '108 Emerald St, Montreal, Quebec, Canada', 33),
 (3, '108 Emerald St, Montreal, Quebec, Canada', 29),
 (3, '108 Emerald St, Montreal, Quebec, Canada', 9),
 (3, '108 Emerald St, Montreal, Quebec, Canada', 0),
 (3, '108 Emerald St, Montreal, Quebec, Canada', 36),
 (4, '108 Emerald St, Montreal, Quebec, Canada', 20),
 (4, '108 Emerald St, Montreal, Quebec, Canada', 36),
 (4, '108 Emerald St, Montreal, Quebec, Canada', 25),
 (4, '108 Emerald St, Montreal, Quebec, Canada', 21),
 (4, '108 Emerald St, Montreal, Quebec, Canada', 22),
 (4, '108 Emerald St, Montreal, Quebec, Canada', 24),
 (4, '108 Emerald St, Montreal, Quebec, Canada', 5),
 (4, '108 Emerald St, Montreal, Quebec, Canada', 15),
 (5, '108 Emerald St, Montreal, Quebec, Canada', 26),
 (5, '108 Emerald St, Montreal, Quebec, Canada', 13),
 (5, '108 Emerald St, Montreal, Quebec, Canada', 6),
 (5, '108 Emerald St, Montreal, Quebec, Canada', 5),
 (5, '108 Emerald St, Montreal, Quebec, Canada', 18),
 (5, '108 Emerald St, Montreal, Quebec, Canada', 32),
 (5, '108 Emerald St, Montreal, Quebec, Canada', 11),
 (5, '108 Emerald St, Montreal, Quebec, Canada', 4),
 (5, '108 Emerald St, Montreal, Quebec, Canada', 22),
 (1, '201 Luxury Blvd, Miami, Florida, United States', 19),
 (1, '201 Luxury Blvd, Miami, Florida, United States', 2),
 (1, '201 Luxury Blvd, Miami, Florida, United States', 21),
 (1, '201 Luxury Blvd, Miami, Florida, United States', 24),
 (1, '201 Luxury Blvd, Miami, Florida, United States', 5),
 (2, '201 Luxury Blvd, Miami, Florida, United States', 19),
 (2, '201 Luxury Blvd, Miami, Florida, United States', 11),
 (2, '201 Luxury Blvd, Miami, Florida, United States', 22),
 (2, '201 Luxury Blvd, Miami, Florida, United States', 4),
 (2, '201 Luxury Blvd, Miami, Florida, United States', 18),
 (2, '201 Luxury Blvd, Miami, Florida, United States', 1),
 (3, '201 Luxury Blvd, Miami, Florida, United States', 16),
 (3, '201 Luxury Blvd, Miami, Florida, United States', 8),
 (3, '201 Luxury Blvd, Miami, Florida, United States', 33),
 (3, '201 Luxury Blvd, Miami, Florida, United States', 14),
 (3, '201 Luxury Blvd, Miami, Florida, United States', 11),
 (3, '201 Luxury Blvd, Miami, Florida, United States', 26),
 (4, '201 Luxury Blvd, Miami, Florida, United States', 6),
 (4, '201 Luxury Blvd, Miami, Florida, United States', 35),
 (4, '201 Luxury Blvd, Miami, Florida, United States', 26),
 (4, '201 Luxury Blvd, Miami, Florida, United States', 1),
 (4, '201 Luxury Blvd, Miami, Florida, United States', 2),
 (5, '201 Luxury Blvd, Miami, Florida, United States', 15),
 (5, '201 Luxury Blvd, Miami, Florida, United States', 11),
 (5, '201 Luxury Blvd, Miami, Florida, United States', 33),
 (5, '201 Luxury Blvd, Miami, Florida, United States', 36),
 (5, '201 Luxury Blvd, Miami, Florida, United States', 35),
 (5, '201 Luxury Blvd, Miami, Florida, United States', 0),
 (5, '201 Luxury Blvd, Miami, Florida, United States', 28),
 (5, '201 Luxury Blvd, Miami, Florida, United States', 30),
 (5, '201 Luxury Blvd, Miami, Florida, United States', 14),
 (5, '201 Luxury Blvd, Miami, Florida, United States', 27),
 (5, '201 Luxury Blvd, Miami, Florida, United States', 17),
 (5, '201 Luxury Blvd, Miami, Florida, United States', 21),
 (1, '202 Luxury Rd, Miami, Florida, United States', 35),
 (1, '202 Luxury Rd, Miami, Florida, United States', 17),
 (1, '202 Luxury Rd, Miami, Florida, United States', 27),
 (1, '202 Luxury Rd, Miami, Florida, United States', 6),
 (1, '202 Luxury Rd, Miami, Florida, United States', 31),
 (1, '202 Luxury Rd, Miami, Florida, United States', 29),
 (1, '202 Luxury Rd, Miami, Florida, United States', 12),
 (1, '202 Luxury Rd, Miami, Florida, United States', 0),
 (1, '202 Luxury Rd, Miami, Florida, United States', 10),
 (1, '202 Luxury Rd, Miami, Florida, United States', 24),
 (2, '202 Luxury Rd, Miami, Florida, United States', 23),
 (2, '202 Luxury Rd, Miami, Florida, United States', 11),
 (2, '202 Luxury Rd, Miami, Florida, United States', 21),
 (2, '202 Luxury Rd, Miami, Florida, United States', 14),
 (2, '202 Luxury Rd, Miami, Florida, United States', 25),
 (2, '202 Luxury Rd, Miami, Florida, United States', 16),
 (2, '202 Luxury Rd, Miami, Florida, United States', 3),
 (2, '202 Luxury Rd, Miami, Florida, United States', 28),
 (3, '202 Luxury Rd, Miami, Florida, United States', 29),
 (3, '202 Luxury Rd, Miami, Florida, United States', 8),
 (3, '202 Luxury Rd, Miami, Florida, United States', 20),
 (3, '202 Luxury Rd, Miami, Florida, United States', 18),
 (3, '202 Luxury Rd, Miami, Florida, United States', 13),
 (3, '202 Luxury Rd, Miami, Florida, United States', 0),
 (4, '202 Luxury Rd, Miami, Florida, United States', 36),
 (4, '202 Luxury Rd, Miami, Florida, United States', 5),
 (4, '202 Luxury Rd, Miami, Florida, United States', 25),
 (1, '203 Luxury Ave, Miami, Florida, United States', 3),
 (2, '203 Luxury Ave, Miami, Florida, United States', 33),
 (2, '203 Luxury Ave, Miami, Florida, United States', 19),
 (2, '203 Luxury Ave, Miami, Florida, United States', 3),
 (2, '203 Luxury Ave, Miami, Florida, United States', 16),
 (2, '203 Luxury Ave, Miami, Florida, United States', 25),
 (2, '203 Luxury Ave, Miami, Florida, United States', 23),
 (3, '203 Luxury Ave, Miami, Florida, United States', 22),
 (3, '203 Luxury Ave, Miami, Florida, United States', 13),
 (3, '203 Luxury Ave, Miami, Florida, United States', 9),
 (3, '203 Luxury Ave, Miami, Florida, United States', 25),
 (4, '203 Luxury Ave, Miami, Florida, United States', 34),
 (4, '203 Luxury Ave, Miami, Florida, United States', 19),
 (4, '203 Luxury Ave, Miami, Florida, United States', 5),
 (4, '203 Luxury Ave, Miami, Florida, United States', 23),
 (4, '203 Luxury Ave, Miami, Florida, United States', 21),
 (4, '203 Luxury Ave, Miami, Florida, United States', 14),
 (4, '203 Luxury Ave, Miami, Florida, United States', 12),
 (4, '203 Luxury Ave, Miami, Florida, United States', 17),
 (4, '203 Luxury Ave, Miami, Florida, United States', 18),
 (4, '203 Luxury Ave, Miami, Florida, United States', 4),
 (4, '203 Luxury Ave, Miami, Florida, United States', 9),
 (1, '204 Luxury St, Miami, Florida, United States', 33),
 (2, '204 Luxury St, Miami, Florida, United States', 0),
 (2, '204 Luxury St, Miami, Florida, United States', 10),
 (2, '204 Luxury St, Miami, Florida, United States', 11),
 (2, '204 Luxury St, Miami, Florida, United States', 9),
 (2, '204 Luxury St, Miami, Florida, United States', 3),
 (3, '204 Luxury St, Miami, Florida, United States', 16),
 (3, '204 Luxury St, Miami, Florida, United States', 2),
 (3, '204 Luxury St, Miami, Florida, United States', 34),
 (3, '204 Luxury St, Miami, Florida, United States', 9),
 (3, '204 Luxury St, Miami, Florida, United States', 26),
 (3, '204 Luxury St, Miami, Florida, United States', 27),
 (3, '204 Luxury St, Miami, Florida, United States', 29),
 (4, '204 Luxury St, Miami, Florida, United States', 23),
 (4, '204 Luxury St, Miami, Florida, United States', 13),
 (4, '204 Luxury St, Miami, Florida, United States', 20),
 (4, '204 Luxury St, Miami, Florida, United States', 4),
 (4, '204 Luxury St, Miami, Florida, United States', 36),
 (4, '204 Luxury St, Miami, Florida, United States', 24),
 (5, '204 Luxury St, Miami, Florida, United States', 7),
 (5, '204 Luxury St, Miami, Florida, United States', 30),
 (5, '204 Luxury St, Miami, Florida, United States', 32),
 (5, '204 Luxury St, Miami, Florida, United States', 31),
 (5, '204 Luxury St, Miami, Florida, United States', 4),
 (5, '204 Luxury St, Miami, Florida, United States', 18),
 (1, '205 Ocean Blvd, Miami Beach, Florida, United States', 1),
 (1, '205 Ocean Blvd, Miami Beach, Florida, United States', 27),
 (1, '205 Ocean Blvd, Miami Beach, Florida, United States', 3),
 (1, '205 Ocean Blvd, Miami Beach, Florida, United States', 12),
 (1, '205 Ocean Blvd, Miami Beach, Florida, United States', 36),
 (1, '205 Ocean Blvd, Miami Beach, Florida, United States', 11),
 (2, '205 Ocean Blvd, Miami Beach, Florida, United States', 24),
 (2, '205 Ocean Blvd, Miami Beach, Florida, United States', 22),
 (2, '205 Ocean Blvd, Miami Beach, Florida, United States', 20),
 (2, '205 Ocean Blvd, Miami Beach, Florida, United States', 28),
 (2, '205 Ocean Blvd, Miami Beach, Florida, United States', 33),
 (2, '205 Ocean Blvd, Miami Beach, Florida, United States', 1),
 (2, '205 Ocean Blvd, Miami Beach, Florida, United States', 32),
 (3, '205 Ocean Blvd, Miami Beach, Florida, United States', 0),
 (3, '205 Ocean Blvd, Miami Beach, Florida, United States', 23),
 (3, '205 Ocean Blvd, Miami Beach, Florida, United States', 28),
 (3, '205 Ocean Blvd, Miami Beach, Florida, United States', 20),
 (3, '205 Ocean Blvd, Miami Beach, Florida, United States', 27),
 (3, '205 Ocean Blvd, Miami Beach, Florida, United States', 9),
 (3, '205 Ocean Blvd, Miami Beach, Florida, United States', 7),
 (5, '205 Ocean Blvd, Miami Beach, Florida, United States', 8),
 (5, '205 Ocean Blvd, Miami Beach, Florida, United States', 13),
 (5, '205 Ocean Blvd, Miami Beach, Florida, United States', 34),
 (5, '205 Ocean Blvd, Miami Beach, Florida, United States', 29),
 (5, '205 Ocean Blvd, Miami Beach, Florida, United States', 27),
 (5, '205 Ocean Blvd, Miami Beach, Florida, United States', 17),
 (1, '206 Beach Rd, Phuket, Thailand', 21),
 (1, '206 Beach Rd, Phuket, Thailand', 2),
 (1, '206 Beach Rd, Phuket, Thailand', 33),
 (1, '206 Beach Rd, Phuket, Thailand', 29),
 (1, '206 Beach Rd, Phuket, Thailand', 13),
 (1, '206 Beach Rd, Phuket, Thailand', 22),
 (1, '206 Beach Rd, Phuket, Thailand', 30),
 (1, '206 Beach Rd, Phuket, Thailand', 32),
 (1, '206 Beach Rd, Phuket, Thailand', 4),
 (2, '206 Beach Rd, Phuket, Thailand', 13),
 (2, '206 Beach Rd, Phuket, Thailand', 7),
 (2, '206 Beach Rd, Phuket, Thailand', 12),
 (2, '206 Beach Rd, Phuket, Thailand', 3),
 (2, '206 Beach Rd, Phuket, Thailand', 36),
 (2, '206 Beach Rd, Phuket, Thailand', 10),
 (2, '206 Beach Rd, Phuket, Thailand', 33),
 (2, '206 Beach Rd, Phuket, Thailand', 9),
 (2, '206 Beach Rd, Phuket, Thailand', 34),
 (2, '206 Beach Rd, Phuket, Thailand', 5),
 (3, '206 Beach Rd, Phuket, Thailand', 36),
 (3, '206 Beach Rd, Phuket, Thailand', 24),
 (3, '206 Beach Rd, Phuket, Thailand', 19),
 (3, '206 Beach Rd, Phuket, Thailand', 20),
 (3, '206 Beach Rd, Phuket, Thailand', 8),
 (3, '206 Beach Rd, Phuket, Thailand', 7),
 (3, '206 Beach Rd, Phuket, Thailand', 0),
 (3, '206 Beach Rd, Phuket, Thailand', 33),
 (3, '206 Beach Rd, Phuket, Thailand', 21),
 (3, '206 Beach Rd, Phuket, Thailand', 15),
 (3, '206 Beach Rd, Phuket, Thailand', 11),
 (3, '206 Beach Rd, Phuket, Thailand', 23),
 (4, '206 Beach Rd, Phuket, Thailand', 21),
 (4, '206 Beach Rd, Phuket, Thailand', 36),
 (4, '206 Beach Rd, Phuket, Thailand', 8),
 (4, '206 Beach Rd, Phuket, Thailand', 16),
 (4, '206 Beach Rd, Phuket, Thailand', 3),
 (4, '206 Beach Rd, Phuket, Thailand', 13),
 (4, '206 Beach Rd, Phuket, Thailand', 9),
 (4, '206 Beach Rd, Phuket, Thailand', 27),
 (4, '206 Beach Rd, Phuket, Thailand', 17),
 (4, '206 Beach Rd, Phuket, Thailand', 12),
 (4, '206 Beach Rd, Phuket, Thailand', 34),
 (5, '206 Beach Rd, Phuket, Thailand', 10),
 (5, '206 Beach Rd, Phuket, Thailand', 11),
 (5, '206 Beach Rd, Phuket, Thailand', 23),
 (5, '206 Beach Rd, Phuket, Thailand', 26),
 (5, '206 Beach Rd, Phuket, Thailand', 13),
 (5, '206 Beach Rd, Phuket, Thailand', 35),
 (5, '206 Beach Rd, Phuket, Thailand', 33),
 (5, '206 Beach Rd, Phuket, Thailand', 31),
 (1, '207 Paradise Ave, Bali, Indonesia', 3),
 (1, '207 Paradise Ave, Bali, Indonesia', 35),
 (1, '207 Paradise Ave, Bali, Indonesia', 26),
 (1, '207 Paradise Ave, Bali, Indonesia', 19),
 (1, '207 Paradise Ave, Bali, Indonesia', 13),
 (1, '207 Paradise Ave, Bali, Indonesia', 9),
 (1, '207 Paradise Ave, Bali, Indonesia', 15),
 (1, '207 Paradise Ave, Bali, Indonesia', 34),
 (1, '207 Paradise Ave, Bali, Indonesia', 4),
 (2, '207 Paradise Ave, Bali, Indonesia', 8),
 (2, '207 Paradise Ave, Bali, Indonesia', 18),
 (2, '207 Paradise Ave, Bali, Indonesia', 11),
 (2, '207 Paradise Ave, Bali, Indonesia', 15),
 (2, '207 Paradise Ave, Bali, Indonesia', 31),
 (2, '207 Paradise Ave, Bali, Indonesia', 1),
 (2, '207 Paradise Ave, Bali, Indonesia', 22),
 (2, '207 Paradise Ave, Bali, Indonesia', 29),
 (2, '207 Paradise Ave, Bali, Indonesia', 9),
 (3, '207 Paradise Ave, Bali, Indonesia', 20),
 (3, '207 Paradise Ave, Bali, Indonesia', 0),
 (4, '207 Paradise Ave, Bali, Indonesia', 9),
 (4, '207 Paradise Ave, Bali, Indonesia', 28),
 (4, '207 Paradise Ave, Bali, Indonesia', 14),
 (4, '207 Paradise Ave, Bali, Indonesia', 18),
 (4, '207 Paradise Ave, Bali, Indonesia', 0),
 (4, '207 Paradise Ave, Bali, Indonesia', 25),
 (4, '207 Paradise Ave, Bali, Indonesia', 12),
 (4, '207 Paradise Ave, Bali, Indonesia', 19),
 (4, '207 Paradise Ave, Bali, Indonesia', 34),
 (4, '207 Paradise Ave, Bali, Indonesia', 32),
 (4, '207 Paradise Ave, Bali, Indonesia', 30),
 (4, '207 Paradise Ave, Bali, Indonesia', 16),
 (5, '207 Paradise Ave, Bali, Indonesia', 34),
 (5, '207 Paradise Ave, Bali, Indonesia', 20),
 (5, '207 Paradise Ave, Bali, Indonesia', 8),
 (5, '207 Paradise Ave, Bali, Indonesia', 33),
 (5, '207 Paradise Ave, Bali, Indonesia', 28),
 (5, '207 Paradise Ave, Bali, Indonesia', 12),
 (5, '207 Paradise Ave, Bali, Indonesia', 23),
 (5, '207 Paradise Ave, Bali, Indonesia', 2),
 (5, '207 Paradise Ave, Bali, Indonesia', 1),
 (1, '208 Sunset St, Barcelona, Spain', 13),
 (1, '208 Sunset St, Barcelona, Spain', 24),
 (1, '208 Sunset St, Barcelona, Spain', 9),
 (1, '208 Sunset St, Barcelona, Spain', 18),
 (1, '208 Sunset St, Barcelona, Spain', 27),
 (1, '208 Sunset St, Barcelona, Spain', 19),
 (1, '208 Sunset St, Barcelona, Spain', 12),
 (1, '208 Sunset St, Barcelona, Spain', 30),
 (1, '208 Sunset St, Barcelona, Spain', 20),
 (1, '208 Sunset St, Barcelona, Spain', 28),
 (1, '208 Sunset St, Barcelona, Spain', 10),
 (2, '208 Sunset St, Barcelona, Spain', 0),
 (2, '208 Sunset St, Barcelona, Spain', 29),
 (2, '208 Sunset St, Barcelona, Spain', 6),
 (2, '208 Sunset St, Barcelona, Spain', 19),
 (2, '208 Sunset St, Barcelona, Spain', 5),
 (2, '208 Sunset St, Barcelona, Spain', 26),
 (3, '208 Sunset St, Barcelona, Spain', 15),
 (3, '208 Sunset St, Barcelona, Spain', 23),
 (3, '208 Sunset St, Barcelona, Spain', 5),
 (3, '208 Sunset St, Barcelona, Spain', 3),
 (3, '208 Sunset St, Barcelona, Spain', 29),
 (3, '208 Sunset St, Barcelona, Spain', 26),
 (3, '208 Sunset St, Barcelona, Spain', 34),
 (4, '208 Sunset St, Barcelona, Spain', 30),
 (4, '208 Sunset St, Barcelona, Spain', 15),
 (4, '208 Sunset St, Barcelona, Spain', 26),
 (5, '208 Sunset St, Barcelona, Spain', 28),
 (5, '208 Sunset St, Barcelona, Spain', 32),
 (5, '208 Sunset St, Barcelona, Spain', 13),
 (5, '208 Sunset St, Barcelona, Spain', 34),
 (5, '208 Sunset St, Barcelona, Spain', 19),
 (5, '208 Sunset St, Barcelona, Spain', 25),
 (1, '209 Bayview Blvd, Paris, France', 29),
 (1, '209 Bayview Blvd, Paris, France', 27),
 (1, '209 Bayview Blvd, Paris, France', 20),
 (1, '209 Bayview Blvd, Paris, France', 8),
 (1, '209 Bayview Blvd, Paris, France', 17),
 (1, '209 Bayview Blvd, Paris, France', 14),
 (2, '209 Bayview Blvd, Paris, France', 30),
 (2, '209 Bayview Blvd, Paris, France', 36),
 (2, '209 Bayview Blvd, Paris, France', 5),
 (2, '209 Bayview Blvd, Paris, France', 35),
 (3, '209 Bayview Blvd, Paris, France', 25),
 (4, '209 Bayview Blvd, Paris, France', 21),
 (4, '209 Bayview Blvd, Paris, France', 13),
 (4, '209 Bayview Blvd, Paris, France', 17),
 (4, '209 Bayview Blvd, Paris, France', 2),
 (4, '209 Bayview Blvd, Paris, France', 10),
 (4, '209 Bayview Blvd, Paris, France', 23),
 (4, '209 Bayview Blvd, Paris, France', 35),
 (5, '209 Bayview Blvd, Paris, France', 30),
 (5, '209 Bayview Blvd, Paris, France', 33),
 (5, '209 Bayview Blvd, Paris, France', 35),
 (5, '209 Bayview Blvd, Paris, France', 14),
 (5, '209 Bayview Blvd, Paris, France', 15),
 (5, '209 Bayview Blvd, Paris, France', 28),
 (5, '209 Bayview Blvd, Paris, France', 25),
 (5, '209 Bayview Blvd, Paris, France', 27),
 (1, '210 Harbor Rd, Sydney, Australia', 26),
 (1, '210 Harbor Rd, Sydney, Australia', 28),
 (1, '210 Harbor Rd, Sydney, Australia', 20),
 (1, '210 Harbor Rd, Sydney, Australia', 8),
 (1, '210 Harbor Rd, Sydney, Australia', 19),
 (1, '210 Harbor Rd, Sydney, Australia', 2),
 (1, '210 Harbor Rd, Sydney, Australia', 18),
 (2, '210 Harbor Rd, Sydney, Australia', 15),
 (2, '210 Harbor Rd, Sydney, Australia', 20),
 (2, '210 Harbor Rd, Sydney, Australia', 14),
 (2, '210 Harbor Rd, Sydney, Australia', 9),
 (2, '210 Harbor Rd, Sydney, Australia', 26),
 (2, '210 Harbor Rd, Sydney, Australia', 28),
 (2, '210 Harbor Rd, Sydney, Australia', 16),
 (2, '210 Harbor Rd, Sydney, Australia', 21),
 (2, '210 Harbor Rd, Sydney, Australia', 18),
 (2, '210 Harbor Rd, Sydney, Australia', 35),
 (3, '210 Harbor Rd, Sydney, Australia', 28),
 (3, '210 Harbor Rd, Sydney, Australia', 5),
 (3, '210 Harbor Rd, Sydney, Australia', 36),
 (3, '210 Harbor Rd, Sydney, Australia', 17),
 (3, '210 Harbor Rd, Sydney, Australia', 34),
 (3, '210 Harbor Rd, Sydney, Australia', 26),
 (4, '210 Harbor Rd, Sydney, Australia', 36),
 (4, '210 Harbor Rd, Sydney, Australia', 29),
 (4, '210 Harbor Rd, Sydney, Australia', 28),
 (4, '210 Harbor Rd, Sydney, Australia', 5),
 (4, '210 Harbor Rd, Sydney, Australia', 10),
 (4, '210 Harbor Rd, Sydney, Australia', 7),
 (4, '210 Harbor Rd, Sydney, Australia', 3),
 (4, '210 Harbor Rd, Sydney, Australia', 17),
 (5, '210 Harbor Rd, Sydney, Australia', 4),
 (5, '210 Harbor Rd, Sydney, Australia', 6),
 (5, '210 Harbor Rd, Sydney, Australia', 34),
 (5, '210 Harbor Rd, Sydney, Australia', 2),
 (5, '210 Harbor Rd, Sydney, Australia', 18),
 (5, '210 Harbor Rd, Sydney, Australia', 25),
 (5, '210 Harbor Rd, Sydney, Australia', 32),
 (1, '211 Lakeside Ave, Zurich, Switzerland', 19),
 (1, '211 Lakeside Ave, Zurich, Switzerland', 35),
 (1, '211 Lakeside Ave, Zurich, Switzerland', 6),
 (1, '211 Lakeside Ave, Zurich, Switzerland', 16),
 (1, '211 Lakeside Ave, Zurich, Switzerland', 15),
 (1, '211 Lakeside Ave, Zurich, Switzerland', 8),
 (1, '211 Lakeside Ave, Zurich, Switzerland', 7),
 (1, '211 Lakeside Ave, Zurich, Switzerland', 25),
 (1, '211 Lakeside Ave, Zurich, Switzerland', 17),
 (1, '211 Lakeside Ave, Zurich, Switzerland', 33),
 (1, '211 Lakeside Ave, Zurich, Switzerland', 31),
 (1, '211 Lakeside Ave, Zurich, Switzerland', 12),
 (1, '211 Lakeside Ave, Zurich, Switzerland', 0),
 (2, '211 Lakeside Ave, Zurich, Switzerland', 21),
 (2, '211 Lakeside Ave, Zurich, Switzerland', 12),
 (2, '211 Lakeside Ave, Zurich, Switzerland', 16),
 (2, '211 Lakeside Ave, Zurich, Switzerland', 4),
 (2, '211 Lakeside Ave, Zurich, Switzerland', 18),
 (2, '211 Lakeside Ave, Zurich, Switzerland', 19),
 (2, '211 Lakeside Ave, Zurich, Switzerland', 36),
 (3, '211 Lakeside Ave, Zurich, Switzerland', 31),
 (3, '211 Lakeside Ave, Zurich, Switzerland', 5),
 (3, '211 Lakeside Ave, Zurich, Switzerland', 24),
 (3, '211 Lakeside Ave, Zurich, Switzerland', 16),
 (3, '211 Lakeside Ave, Zurich, Switzerland', 27),
 (4, '211 Lakeside Ave, Zurich, Switzerland', 11),
 (4, '211 Lakeside Ave, Zurich, Switzerland', 10),
 (4, '211 Lakeside Ave, Zurich, Switzerland', 15),
 (4, '211 Lakeside Ave, Zurich, Switzerland', 6),
 (4, '211 Lakeside Ave, Zurich, Switzerland', 25),
 (4, '211 Lakeside Ave, Zurich, Switzerland', 31),
 (4, '211 Lakeside Ave, Zurich, Switzerland', 28),
 (4, '211 Lakeside Ave, Zurich, Switzerland', 34),
 (4, '211 Lakeside Ave, Zurich, Switzerland', 33),
 (5, '211 Lakeside Ave, Zurich, Switzerland', 32),
 (5, '211 Lakeside Ave, Zurich, Switzerland', 20),
 (5, '211 Lakeside Ave, Zurich, Switzerland', 25),
 (5, '211 Lakeside Ave, Zurich, Switzerland', 17),
 (1, '212 Riverwalk St, Amsterdam, Netherlands', 35),
 (1, '212 Riverwalk St, Amsterdam, Netherlands', 26),
 (1, '212 Riverwalk St, Amsterdam, Netherlands', 17),
 (1, '212 Riverwalk St, Amsterdam, Netherlands', 11),
 (3, '212 Riverwalk St, Amsterdam, Netherlands', 10),
 (3, '212 Riverwalk St, Amsterdam, Netherlands', 20),
 (3, '212 Riverwalk St, Amsterdam, Netherlands', 1),
 (3, '212 Riverwalk St, Amsterdam, Netherlands', 13),
 (3, '212 Riverwalk St, Amsterdam, Netherlands', 33),
 (4, '212 Riverwalk St, Amsterdam, Netherlands', 17),
 (4, '212 Riverwalk St, Amsterdam, Netherlands', 4),
 (4, '212 Riverwalk St, Amsterdam, Netherlands', 5),
 (4, '212 Riverwalk St, Amsterdam, Netherlands', 6),
 (4, '212 Riverwalk St, Amsterdam, Netherlands', 28),
 (4, '212 Riverwalk St, Amsterdam, Netherlands', 16),
 (4, '212 Riverwalk St, Amsterdam, Netherlands', 33),
 (5, '212 Riverwalk St, Amsterdam, Netherlands', 32),
 (5, '212 Riverwalk St, Amsterdam, Netherlands', 1),
 (1, '213 Island Blvd, Dubai, United Arab Emirates', 25),
 (1, '213 Island Blvd, Dubai, United Arab Emirates', 11),
 (1, '213 Island Blvd, Dubai, United Arab Emirates', 19),
 (1, '213 Island Blvd, Dubai, United Arab Emirates', 18),
 (1, '213 Island Blvd, Dubai, United Arab Emirates', 23),
 (2, '213 Island Blvd, Dubai, United Arab Emirates', 2),
 (2, '213 Island Blvd, Dubai, United Arab Emirates', 0),
 (2, '213 Island Blvd, Dubai, United Arab Emirates', 30),
 (2, '213 Island Blvd, Dubai, United Arab Emirates', 9),
 (2, '213 Island Blvd, Dubai, United Arab Emirates', 31),
 (2, '213 Island Blvd, Dubai, United Arab Emirates', 17),
 (2, '213 Island Blvd, Dubai, United Arab Emirates', 27),
 (2, '213 Island Blvd, Dubai, United Arab Emirates', 21),
 (2, '213 Island Blvd, Dubai, United Arab Emirates', 10),
 (3, '213 Island Blvd, Dubai, United Arab Emirates', 17),
 (3, '213 Island Blvd, Dubai, United Arab Emirates', 2),
 (3, '213 Island Blvd, Dubai, United Arab Emirates', 14),
 (3, '213 Island Blvd, Dubai, United Arab Emirates', 33),
 (3, '213 Island Blvd, Dubai, United Arab Emirates', 11),
 (3, '213 Island Blvd, Dubai, United Arab Emirates', 35),
 (3, '213 Island Blvd, Dubai, United Arab Emirates', 32),
 (3, '213 Island Blvd, Dubai, United Arab Emirates', 3),
 (3, '213 Island Blvd, Dubai, United Arab Emirates', 28),
 (3, '213 Island Blvd, Dubai, United Arab Emirates', 27),
 (5, '213 Island Blvd, Dubai, United Arab Emirates', 18),
 (5, '213 Island Blvd, Dubai, United Arab Emirates', 1),
 (5, '213 Island Blvd, Dubai, United Arab Emirates', 4),
 (5, '213 Island Blvd, Dubai, United Arab Emirates', 12),
 (1, '214 Gulf Rd, Cape Town, South Africa', 33),
 (1, '214 Gulf Rd, Cape Town, South Africa', 11),
 (1, '214 Gulf Rd, Cape Town, South Africa', 3),
 (1, '214 Gulf Rd, Cape Town, South Africa', 29),
 (1, '214 Gulf Rd, Cape Town, South Africa', 36),
 (1, '214 Gulf Rd, Cape Town, South Africa', 30),
 (1, '214 Gulf Rd, Cape Town, South Africa', 19),
 (1, '214 Gulf Rd, Cape Town, South Africa', 2),
 (1, '214 Gulf Rd, Cape Town, South Africa', 14),
 (1, '214 Gulf Rd, Cape Town, South Africa', 7),
 (2, '214 Gulf Rd, Cape Town, South Africa', 3),
 (2, '214 Gulf Rd, Cape Town, South Africa', 32),
 (2, '214 Gulf Rd, Cape Town, South Africa', 26),
 (2, '214 Gulf Rd, Cape Town, South Africa', 33),
 (2, '214 Gulf Rd, Cape Town, South Africa', 10),
 (3, '214 Gulf Rd, Cape Town, South Africa', 11),
 (3, '214 Gulf Rd, Cape Town, South Africa', 15),
 (3, '214 Gulf Rd, Cape Town, South Africa', 5),
 (3, '214 Gulf Rd, Cape Town, South Africa', 32),
 (3, '214 Gulf Rd, Cape Town, South Africa', 17),
 (3, '214 Gulf Rd, Cape Town, South Africa', 9),
 (4, '214 Gulf Rd, Cape Town, South Africa', 24),
 (4, '214 Gulf Rd, Cape Town, South Africa', 8),
 (4, '214 Gulf Rd, Cape Town, South Africa', 13),
 (4, '214 Gulf Rd, Cape Town, South Africa', 34),
 (4, '214 Gulf Rd, Cape Town, South Africa', 18),
 (4, '214 Gulf Rd, Cape Town, South Africa', 26),
 (4, '214 Gulf Rd, Cape Town, South Africa', 6),
 (4, '214 Gulf Rd, Cape Town, South Africa', 35),
 (5, '214 Gulf Rd, Cape Town, South Africa', 33),
 (5, '214 Gulf Rd, Cape Town, South Africa', 20),
 (5, '214 Gulf Rd, Cape Town, South Africa', 9),
 (5, '214 Gulf Rd, Cape Town, South Africa', 16),
 (5, '214 Gulf Rd, Cape Town, South Africa', 18),
 (5, '214 Gulf Rd, Cape Town, South Africa', 6),
 (5, '214 Gulf Rd, Cape Town, South Africa', 10),
 (5, '214 Gulf Rd, Cape Town, South Africa', 31),
 (5, '214 Gulf Rd, Cape Town, South Africa', 26),
 (5, '214 Gulf Rd, Cape Town, South Africa', 8),
 (5, '214 Gulf Rd, Cape Town, South Africa', 17),
 (5, '214 Gulf Rd, Cape Town, South Africa', 28),
 (2, '215 Mountain Ave, Queenstown, New Zealand', 5),
 (2, '215 Mountain Ave, Queenstown, New Zealand', 27),
 (2, '215 Mountain Ave, Queenstown, New Zealand', 25),
 (2, '215 Mountain Ave, Queenstown, New Zealand', 35),
 (2, '215 Mountain Ave, Queenstown, New Zealand', 28),
 (2, '215 Mountain Ave, Queenstown, New Zealand', 15),
 (2, '215 Mountain Ave, Queenstown, New Zealand', 3),
 (3, '215 Mountain Ave, Queenstown, New Zealand', 13),
 (3, '215 Mountain Ave, Queenstown, New Zealand', 12),
 (3, '215 Mountain Ave, Queenstown, New Zealand', 26),
 (3, '215 Mountain Ave, Queenstown, New Zealand', 3),
 (3, '215 Mountain Ave, Queenstown, New Zealand', 14),
 (3, '215 Mountain Ave, Queenstown, New Zealand', 36),
 (3, '215 Mountain Ave, Queenstown, New Zealand', 19),
 (3, '215 Mountain Ave, Queenstown, New Zealand', 8),
 (4, '215 Mountain Ave, Queenstown, New Zealand', 12),
 (4, '215 Mountain Ave, Queenstown, New Zealand', 20),
 (4, '215 Mountain Ave, Queenstown, New Zealand', 11),
 (4, '215 Mountain Ave, Queenstown, New Zealand', 32),
 (4, '215 Mountain Ave, Queenstown, New Zealand', 10),
 (4, '215 Mountain Ave, Queenstown, New Zealand', 25),
 (4, '215 Mountain Ave, Queenstown, New Zealand', 1),
 (4, '215 Mountain Ave, Queenstown, New Zealand', 8),
 (4, '215 Mountain Ave, Queenstown, New Zealand', 0),
 (4, '215 Mountain Ave, Queenstown, New Zealand', 30),
 (4, '215 Mountain Ave, Queenstown, New Zealand', 26),
 (4, '215 Mountain Ave, Queenstown, New Zealand', 22),
 (5, '215 Mountain Ave, Queenstown, New Zealand', 14),
 (5, '215 Mountain Ave, Queenstown, New Zealand', 23),
 (5, '215 Mountain Ave, Queenstown, New Zealand', 19),
 (5, '215 Mountain Ave, Queenstown, New Zealand', 22),
 (5, '215 Mountain Ave, Queenstown, New Zealand', 12),
 (5, '215 Mountain Ave, Queenstown, New Zealand', 32),
 (1, '301 Sunset Blvd, Los Angeles, California, United States', 1),
 (1, '301 Sunset Blvd, Los Angeles, California, United States', 4),
 (1, '301 Sunset Blvd, Los Angeles, California, United States', 12),
 (1, '301 Sunset Blvd, Los Angeles, California, United States', 5),
 (1, '301 Sunset Blvd, Los Angeles, California, United States', 27),
 (1, '301 Sunset Blvd, Los Angeles, California, United States', 28),
 (2, '301 Sunset Blvd, Los Angeles, California, United States', 16),
 (2, '301 Sunset Blvd, Los Angeles, California, United States', 5),
 (3, '301 Sunset Blvd, Los Angeles, California, United States', 35),
 (4, '301 Sunset Blvd, Los Angeles, California, United States', 7),
 (4, '301 Sunset Blvd, Los Angeles, California, United States', 3),
 (4, '301 Sunset Blvd, Los Angeles, California, United States', 28),
 (4, '301 Sunset Blvd, Los Angeles, California, United States', 21),
 (4, '301 Sunset Blvd, Los Angeles, California, United States', 23),
 (4, '301 Sunset Blvd, Los Angeles, California, United States', 36),
 (5, '301 Sunset Blvd, Los Angeles, California, United States', 24),
 (5, '301 Sunset Blvd, Los Angeles, California, United States', 29),
 (5, '301 Sunset Blvd, Los Angeles, California, United States', 16),
 (5, '301 Sunset Blvd, Los Angeles, California, United States', 2),
 (5, '301 Sunset Blvd, Los Angeles, California, United States', 28),
 (5, '301 Sunset Blvd, Los Angeles, California, United States', 5),
 (5, '301 Sunset Blvd, Los Angeles, California, United States', 32),
 (1, '302 Sunrise Rd, Los Angeles, California, United States', 13),
 (1, '302 Sunrise Rd, Los Angeles, California, United States', 12),
 (1, '302 Sunrise Rd, Los Angeles, California, United States', 7),
 (1, '302 Sunrise Rd, Los Angeles, California, United States', 22),
 (1, '302 Sunrise Rd, Los Angeles, California, United States', 1),
 (1, '302 Sunrise Rd, Los Angeles, California, United States', 5),
 (1, '302 Sunrise Rd, Los Angeles, California, United States', 30),
 (1, '302 Sunrise Rd, Los Angeles, California, United States', 10),
 (1, '302 Sunrise Rd, Los Angeles, California, United States', 32),
 (1, '302 Sunrise Rd, Los Angeles, California, United States', 36),
 (1, '302 Sunrise Rd, Los Angeles, California, United States', 31),
 (2, '302 Sunrise Rd, Los Angeles, California, United States', 9),
 (2, '302 Sunrise Rd, Los Angeles, California, United States', 26),
 (2, '302 Sunrise Rd, Los Angeles, California, United States', 11),
 (2, '302 Sunrise Rd, Los Angeles, California, United States', 28),
 (2, '302 Sunrise Rd, Los Angeles, California, United States', 15),
 (2, '302 Sunrise Rd, Los Angeles, California, United States', 19),
 (2, '302 Sunrise Rd, Los Angeles, California, United States', 5),
 (2, '302 Sunrise Rd, Los Angeles, California, United States', 8),
 (2, '302 Sunrise Rd, Los Angeles, California, United States', 7),
 (2, '302 Sunrise Rd, Los Angeles, California, United States', 14),
 (2, '302 Sunrise Rd, Los Angeles, California, United States', 31),
 (2, '302 Sunrise Rd, Los Angeles, California, United States', 2),
 (3, '302 Sunrise Rd, Los Angeles, California, United States', 26),
 (3, '302 Sunrise Rd, Los Angeles, California, United States', 8),
 (3, '302 Sunrise Rd, Los Angeles, California, United States', 9),
 (3, '302 Sunrise Rd, Los Angeles, California, United States', 7),
 (3, '302 Sunrise Rd, Los Angeles, California, United States', 30),
 (4, '302 Sunrise Rd, Los Angeles, California, United States', 29),
 (4, '302 Sunrise Rd, Los Angeles, California, United States', 7),
 (4, '302 Sunrise Rd, Los Angeles, California, United States', 30),
 (4, '302 Sunrise Rd, Los Angeles, California, United States', 33),
 (4, '302 Sunrise Rd, Los Angeles, California, United States', 35),
 (4, '302 Sunrise Rd, Los Angeles, California, United States', 24),
 (4, '302 Sunrise Rd, Los Angeles, California, United States', 8),
 (4, '302 Sunrise Rd, Los Angeles, California, United States', 19),
 (5, '302 Sunrise Rd, Los Angeles, California, United States', 6),
 (5, '302 Sunrise Rd, Los Angeles, California, United States', 3),
 (1, '303 Dusk Ave, Miami, Florida, United States', 4),
 (1, '303 Dusk Ave, Miami, Florida, United States', 26),
 (1, '303 Dusk Ave, Miami, Florida, United States', 10),
 (1, '303 Dusk Ave, Miami, Florida, United States', 20),
 (1, '303 Dusk Ave, Miami, Florida, United States', 12),
 (1, '303 Dusk Ave, Miami, Florida, United States', 11),
 (1, '303 Dusk Ave, Miami, Florida, United States', 22),
 (1, '303 Dusk Ave, Miami, Florida, United States', 35),
 (1, '303 Dusk Ave, Miami, Florida, United States', 7),
 (1, '303 Dusk Ave, Miami, Florida, United States', 25),
 (1, '303 Dusk Ave, Miami, Florida, United States', 34),
 (3, '303 Dusk Ave, Miami, Florida, United States', 5),
 (3, '303 Dusk Ave, Miami, Florida, United States', 10),
 (3, '303 Dusk Ave, Miami, Florida, United States', 23),
 (3, '303 Dusk Ave, Miami, Florida, United States', 25),
 (3, '303 Dusk Ave, Miami, Florida, United States', 21),
 (3, '303 Dusk Ave, Miami, Florida, United States', 35),
 (3, '303 Dusk Ave, Miami, Florida, United States', 6),
 (3, '303 Dusk Ave, Miami, Florida, United States', 7),
 (4, '303 Dusk Ave, Miami, Florida, United States', 36),
 (4, '303 Dusk Ave, Miami, Florida, United States', 30),
 (4, '303 Dusk Ave, Miami, Florida, United States', 23),
 (5, '303 Dusk Ave, Miami, Florida, United States', 7),
 (5, '303 Dusk Ave, Miami, Florida, United States', 4),
 (5, '303 Dusk Ave, Miami, Florida, United States', 6),
 (5, '303 Dusk Ave, Miami, Florida, United States', 12),
 (5, '303 Dusk Ave, Miami, Florida, United States', 2),
 (5, '303 Dusk Ave, Miami, Florida, United States', 33),
 (5, '303 Dusk Ave, Miami, Florida, United States', 10),
 (1, '304 Twilight St, Chicago, Illinois, United States', 23),
 (1, '304 Twilight St, Chicago, Illinois, United States', 29),
 (1, '304 Twilight St, Chicago, Illinois, United States', 7),
 (1, '304 Twilight St, Chicago, Illinois, United States', 5),
 (1, '304 Twilight St, Chicago, Illinois, United States', 15),
 (1, '304 Twilight St, Chicago, Illinois, United States', 3),
 (1, '304 Twilight St, Chicago, Illinois, United States', 25),
 (2, '304 Twilight St, Chicago, Illinois, United States', 3),
 (2, '304 Twilight St, Chicago, Illinois, United States', 23),
 (2, '304 Twilight St, Chicago, Illinois, United States', 21),
 (2, '304 Twilight St, Chicago, Illinois, United States', 7),
 (2, '304 Twilight St, Chicago, Illinois, United States', 11),
 (2, '304 Twilight St, Chicago, Illinois, United States', 28),
 (2, '304 Twilight St, Chicago, Illinois, United States', 14),
 (3, '304 Twilight St, Chicago, Illinois, United States', 33),
 (3, '304 Twilight St, Chicago, Illinois, United States', 5),
 (3, '304 Twilight St, Chicago, Illinois, United States', 31),
 (3, '304 Twilight St, Chicago, Illinois, United States', 26),
 (3, '304 Twilight St, Chicago, Illinois, United States', 12),
 (4, '304 Twilight St, Chicago, Illinois, United States', 35),
 (5, '304 Twilight St, Chicago, Illinois, United States', 29),
 (5, '304 Twilight St, Chicago, Illinois, United States', 28),
 (1, '305 Ocean View Dr, Sydney, Australia', 2),
 (1, '305 Ocean View Dr, Sydney, Australia', 8),
 (1, '305 Ocean View Dr, Sydney, Australia', 33),
 (1, '305 Ocean View Dr, Sydney, Australia', 16),
 (1, '305 Ocean View Dr, Sydney, Australia', 4),
 (1, '305 Ocean View Dr, Sydney, Australia', 1),
 (1, '305 Ocean View Dr, Sydney, Australia', 11),
 (1, '305 Ocean View Dr, Sydney, Australia', 31),
 (1, '305 Ocean View Dr, Sydney, Australia', 20),
 (1, '305 Ocean View Dr, Sydney, Australia', 29),
 (2, '305 Ocean View Dr, Sydney, Australia', 14),
 (2, '305 Ocean View Dr, Sydney, Australia', 22),
 (2, '305 Ocean View Dr, Sydney, Australia', 25),
 (2, '305 Ocean View Dr, Sydney, Australia', 2),
 (2, '305 Ocean View Dr, Sydney, Australia', 4),
 (2, '305 Ocean View Dr, Sydney, Australia', 34),
 (2, '305 Ocean View Dr, Sydney, Australia', 15),
 (2, '305 Ocean View Dr, Sydney, Australia', 21),
 (2, '305 Ocean View Dr, Sydney, Australia', 19),
 (3, '305 Ocean View Dr, Sydney, Australia', 29),
 (3, '305 Ocean View Dr, Sydney, Australia', 11),
 (4, '305 Ocean View Dr, Sydney, Australia', 7),
 (4, '305 Ocean View Dr, Sydney, Australia', 3),
 (4, '305 Ocean View Dr, Sydney, Australia', 26),
 (4, '305 Ocean View Dr, Sydney, Australia', 36),
 (4, '305 Ocean View Dr, Sydney, Australia', 9),
 (4, '305 Ocean View Dr, Sydney, Australia', 2),
 (4, '305 Ocean View Dr, Sydney, Australia', 14),
 (4, '305 Ocean View Dr, Sydney, Australia', 17),
 (5, '305 Ocean View Dr, Sydney, Australia', 31),
 (5, '305 Ocean View Dr, Sydney, Australia', 11),
 (5, '305 Ocean View Dr, Sydney, Australia', 24),
 (5, '305 Ocean View Dr, Sydney, Australia', 6),
 (5, '305 Ocean View Dr, Sydney, Australia', 12),
 (5, '305 Ocean View Dr, Sydney, Australia', 20),
 (5, '305 Ocean View Dr, Sydney, Australia', 13),
 (1, '306 Mountain Rd, Queenstown, New Zealand', 1),
 (1, '306 Mountain Rd, Queenstown, New Zealand', 21),
 (1, '306 Mountain Rd, Queenstown, New Zealand', 3),
 (2, '306 Mountain Rd, Queenstown, New Zealand', 19),
 (2, '306 Mountain Rd, Queenstown, New Zealand', 34),
 (2, '306 Mountain Rd, Queenstown, New Zealand', 11),
 (2, '306 Mountain Rd, Queenstown, New Zealand', 16),
 (2, '306 Mountain Rd, Queenstown, New Zealand', 29),
 (2, '306 Mountain Rd, Queenstown, New Zealand', 17),
 (2, '306 Mountain Rd, Queenstown, New Zealand', 10),
 (2, '306 Mountain Rd, Queenstown, New Zealand', 28),
 (2, '306 Mountain Rd, Queenstown, New Zealand', 15),
 (2, '306 Mountain Rd, Queenstown, New Zealand', 8),
 (3, '306 Mountain Rd, Queenstown, New Zealand', 14),
 (3, '306 Mountain Rd, Queenstown, New Zealand', 35),
 (3, '306 Mountain Rd, Queenstown, New Zealand', 17),
 (3, '306 Mountain Rd, Queenstown, New Zealand', 6),
 (3, '306 Mountain Rd, Queenstown, New Zealand', 5),
 (3, '306 Mountain Rd, Queenstown, New Zealand', 9),
 (3, '306 Mountain Rd, Queenstown, New Zealand', 22),
 (3, '306 Mountain Rd, Queenstown, New Zealand', 8),
 (3, '306 Mountain Rd, Queenstown, New Zealand', 32),
 (3, '306 Mountain Rd, Queenstown, New Zealand', 21),
 (3, '306 Mountain Rd, Queenstown, New Zealand', 16),
 (4, '306 Mountain Rd, Queenstown, New Zealand', 14),
 (4, '306 Mountain Rd, Queenstown, New Zealand', 25),
 (4, '306 Mountain Rd, Queenstown, New Zealand', 28),
 (4, '306 Mountain Rd, Queenstown, New Zealand', 2),
 (5, '306 Mountain Rd, Queenstown, New Zealand', 23),
 (5, '306 Mountain Rd, Queenstown, New Zealand', 27),
 (3, '414 ZouZou Rd, Moscow, Russia', 14),
 (5, '306 Mountain Rd, Queenstown, New Zealand', 5),
 (5, '306 Mountain Rd, Queenstown, New Zealand', 18),
 (5, '306 Mountain Rd, Queenstown, New Zealand', 14),
 (5, '306 Mountain Rd, Queenstown, New Zealand', 9),
 (5, '306 Mountain Rd, Queenstown, New Zealand', 25),
 (5, '306 Mountain Rd, Queenstown, New Zealand', 1),
 (1, '307 Island Ave, Bali, Indonesia', 27),
 (1, '307 Island Ave, Bali, Indonesia', 22),
 (1, '307 Island Ave, Bali, Indonesia', 24),
 (1, '307 Island Ave, Bali, Indonesia', 17),
 (1, '307 Island Ave, Bali, Indonesia', 13),
 (1, '307 Island Ave, Bali, Indonesia', 21),
 (1, '307 Island Ave, Bali, Indonesia', 36),
 (1, '307 Island Ave, Bali, Indonesia', 34),
 (1, '307 Island Ave, Bali, Indonesia', 9),
 (2, '307 Island Ave, Bali, Indonesia', 14),
 (2, '307 Island Ave, Bali, Indonesia', 9),
 (2, '307 Island Ave, Bali, Indonesia', 20),
 (3, '307 Island Ave, Bali, Indonesia', 26),
 (3, '307 Island Ave, Bali, Indonesia', 15),
 (3, '307 Island Ave, Bali, Indonesia', 1),
 (3, '307 Island Ave, Bali, Indonesia', 7),
 (3, '307 Island Ave, Bali, Indonesia', 9),
 (3, '307 Island Ave, Bali, Indonesia', 6),
 (3, '307 Island Ave, Bali, Indonesia', 14),
 (3, '307 Island Ave, Bali, Indonesia', 5),
 (3, '307 Island Ave, Bali, Indonesia', 22),
 (3, '307 Island Ave, Bali, Indonesia', 4),
 (3, '307 Island Ave, Bali, Indonesia', 36),
 (4, '307 Island Ave, Bali, Indonesia', 4),
 (4, '307 Island Ave, Bali, Indonesia', 1),
 (4, '307 Island Ave, Bali, Indonesia', 24),
 (4, '307 Island Ave, Bali, Indonesia', 21),
 (4, '307 Island Ave, Bali, Indonesia', 11),
 (4, '307 Island Ave, Bali, Indonesia', 10),
 (4, '307 Island Ave, Bali, Indonesia', 3),
 (4, '307 Island Ave, Bali, Indonesia', 8),
 (4, '307 Island Ave, Bali, Indonesia', 34),
 (4, '307 Island Ave, Bali, Indonesia', 6),
 (4, '307 Island Ave, Bali, Indonesia', 31),
 (5, '307 Island Ave, Bali, Indonesia', 28),
 (5, '307 Island Ave, Bali, Indonesia', 7),
 (5, '307 Island Ave, Bali, Indonesia', 16),
 (5, '307 Island Ave, Bali, Indonesia', 35),
 (5, '307 Island Ave, Bali, Indonesia', 4),
 (5, '307 Island Ave, Bali, Indonesia', 24),
 (5, '307 Island Ave, Bali, Indonesia', 5),
 (5, '307 Island Ave, Bali, Indonesia', 3),
 (1, '308 Hilltop Blvd, Cape Town, South Africa', 8),
 (1, '308 Hilltop Blvd, Cape Town, South Africa', 11),
 (1, '308 Hilltop Blvd, Cape Town, South Africa', 32),
 (1, '308 Hilltop Blvd, Cape Town, South Africa', 27),
 (1, '308 Hilltop Blvd, Cape Town, South Africa', 36),
 (2, '308 Hilltop Blvd, Cape Town, South Africa', 35),
 (2, '308 Hilltop Blvd, Cape Town, South Africa', 25),
 (2, '308 Hilltop Blvd, Cape Town, South Africa', 36),
 (2, '308 Hilltop Blvd, Cape Town, South Africa', 19),
 (2, '308 Hilltop Blvd, Cape Town, South Africa', 12),
 (2, '308 Hilltop Blvd, Cape Town, South Africa', 3),
 (3, '308 Hilltop Blvd, Cape Town, South Africa', 16),
 (3, '308 Hilltop Blvd, Cape Town, South Africa', 32),
 (4, '308 Hilltop Blvd, Cape Town, South Africa', 11),
 (4, '308 Hilltop Blvd, Cape Town, South Africa', 1),
 (4, '308 Hilltop Blvd, Cape Town, South Africa', 33),
 (5, '308 Hilltop Blvd, Cape Town, South Africa', 7),
 (5, '308 Hilltop Blvd, Cape Town, South Africa', 26),
 (5, '308 Hilltop Blvd, Cape Town, South Africa', 10),
 (5, '308 Hilltop Blvd, Cape Town, South Africa', 23),
 (5, '308 Hilltop Blvd, Cape Town, South Africa', 16),
 (5, '308 Hilltop Blvd, Cape Town, South Africa', 29),
 (5, '308 Hilltop Blvd, Cape Town, South Africa', 19),
 (5, '308 Hilltop Blvd, Cape Town, South Africa', 27),
 (1, '401 ZouZou Blvd, New York, New York, United States', 21),
 (1, '401 ZouZou Blvd, New York, New York, United States', 11),
 (1, '401 ZouZou Blvd, New York, New York, United States', 12),
 (1, '401 ZouZou Blvd, New York, New York, United States', 3),
 (1, '401 ZouZou Blvd, New York, New York, United States', 27),
 (1, '401 ZouZou Blvd, New York, New York, United States', 30),
 (1, '401 ZouZou Blvd, New York, New York, United States', 4),
 (1, '401 ZouZou Blvd, New York, New York, United States', 34),
 (1, '401 ZouZou Blvd, New York, New York, United States', 13),
 (1, '401 ZouZou Blvd, New York, New York, United States', 22),
 (1, '401 ZouZou Blvd, New York, New York, United States', 29),
 (2, '401 ZouZou Blvd, New York, New York, United States', 0),
 (2, '401 ZouZou Blvd, New York, New York, United States', 7),
 (2, '401 ZouZou Blvd, New York, New York, United States', 26),
 (2, '401 ZouZou Blvd, New York, New York, United States', 30),
 (2, '401 ZouZou Blvd, New York, New York, United States', 27),
 (2, '401 ZouZou Blvd, New York, New York, United States', 18),
 (3, '401 ZouZou Blvd, New York, New York, United States', 20),
 (3, '401 ZouZou Blvd, New York, New York, United States', 8),
 (3, '401 ZouZou Blvd, New York, New York, United States', 5),
 (3, '401 ZouZou Blvd, New York, New York, United States', 1),
 (3, '401 ZouZou Blvd, New York, New York, United States', 7),
 (3, '401 ZouZou Blvd, New York, New York, United States', 35),
 (3, '401 ZouZou Blvd, New York, New York, United States', 14),
 (3, '401 ZouZou Blvd, New York, New York, United States', 6),
 (3, '401 ZouZou Blvd, New York, New York, United States', 3),
 (3, '401 ZouZou Blvd, New York, New York, United States', 27),
 (3, '401 ZouZou Blvd, New York, New York, United States', 22),
 (3, '401 ZouZou Blvd, New York, New York, United States', 33),
 (3, '401 ZouZou Blvd, New York, New York, United States', 4),
 (3, '401 ZouZou Blvd, New York, New York, United States', 34),
 (3, '401 ZouZou Blvd, New York, New York, United States', 12),
 (4, '401 ZouZou Blvd, New York, New York, United States', 24),
 (4, '401 ZouZou Blvd, New York, New York, United States', 6),
 (4, '401 ZouZou Blvd, New York, New York, United States', 5),
 (4, '401 ZouZou Blvd, New York, New York, United States', 26),
 (4, '401 ZouZou Blvd, New York, New York, United States', 7),
 (4, '401 ZouZou Blvd, New York, New York, United States', 10),
 (5, '401 ZouZou Blvd, New York, New York, United States', 16),
 (5, '401 ZouZou Blvd, New York, New York, United States', 21),
 (5, '401 ZouZou Blvd, New York, New York, United States', 33),
 (5, '401 ZouZou Blvd, New York, New York, United States', 10),
 (5, '401 ZouZou Blvd, New York, New York, United States', 23),
 (5, '401 ZouZou Blvd, New York, New York, United States', 36),
 (5, '401 ZouZou Blvd, New York, New York, United States', 24),
 (1, '402 ZouZou Rd, New York, New York, United States', 16),
 (1, '402 ZouZou Rd, New York, New York, United States', 9),
 (1, '402 ZouZou Rd, New York, New York, United States', 19),
 (1, '402 ZouZou Rd, New York, New York, United States', 31),
 (1, '402 ZouZou Rd, New York, New York, United States', 18),
 (1, '402 ZouZou Rd, New York, New York, United States', 12),
 (2, '402 ZouZou Rd, New York, New York, United States', 2),
 (2, '402 ZouZou Rd, New York, New York, United States', 26),
 (2, '402 ZouZou Rd, New York, New York, United States', 5),
 (2, '402 ZouZou Rd, New York, New York, United States', 17),
 (2, '402 ZouZou Rd, New York, New York, United States', 11),
 (2, '402 ZouZou Rd, New York, New York, United States', 1),
 (2, '402 ZouZou Rd, New York, New York, United States', 0),
 (2, '402 ZouZou Rd, New York, New York, United States', 18),
 (2, '402 ZouZou Rd, New York, New York, United States', 10),
 (2, '402 ZouZou Rd, New York, New York, United States', 25),
 (2, '402 ZouZou Rd, New York, New York, United States', 15),
 (2, '402 ZouZou Rd, New York, New York, United States', 4),
 (2, '402 ZouZou Rd, New York, New York, United States', 34),
 (2, '402 ZouZou Rd, New York, New York, United States', 3),
 (2, '402 ZouZou Rd, New York, New York, United States', 27),
 (2, '402 ZouZou Rd, New York, New York, United States', 22),
 (3, '402 ZouZou Rd, New York, New York, United States', 28),
 (3, '402 ZouZou Rd, New York, New York, United States', 34),
 (3, '402 ZouZou Rd, New York, New York, United States', 17),
 (3, '402 ZouZou Rd, New York, New York, United States', 15),
 (3, '402 ZouZou Rd, New York, New York, United States', 6),
 (3, '402 ZouZou Rd, New York, New York, United States', 14),
 (3, '402 ZouZou Rd, New York, New York, United States', 11),
 (3, '402 ZouZou Rd, New York, New York, United States', 35),
 (3, '402 ZouZou Rd, New York, New York, United States', 33),
 (3, '402 ZouZou Rd, New York, New York, United States', 12),
 (3, '402 ZouZou Rd, New York, New York, United States', 23),
 (4, '402 ZouZou Rd, New York, New York, United States', 30),
 (5, '402 ZouZou Rd, New York, New York, United States', 8),
 (5, '402 ZouZou Rd, New York, New York, United States', 13),
 (5, '402 ZouZou Rd, New York, New York, United States', 26),
 (1, '403 ZouZou Ave, Miami, Florida, United States', 10),
 (2, '403 ZouZou Ave, Miami, Florida, United States', 5),
 (2, '403 ZouZou Ave, Miami, Florida, United States', 10),
 (2, '403 ZouZou Ave, Miami, Florida, United States', 35),
 (3, '403 ZouZou Ave, Miami, Florida, United States', 6),
 (3, '403 ZouZou Ave, Miami, Florida, United States', 28),
 (3, '403 ZouZou Ave, Miami, Florida, United States', 15),
 (3, '403 ZouZou Ave, Miami, Florida, United States', 27),
 (3, '403 ZouZou Ave, Miami, Florida, United States', 32),
 (3, '403 ZouZou Ave, Miami, Florida, United States', 0),
 (3, '403 ZouZou Ave, Miami, Florida, United States', 13),
 (3, '403 ZouZou Ave, Miami, Florida, United States', 29),
 (3, '403 ZouZou Ave, Miami, Florida, United States', 14),
 (4, '403 ZouZou Ave, Miami, Florida, United States', 8),
 (4, '403 ZouZou Ave, Miami, Florida, United States', 14),
 (5, '403 ZouZou Ave, Miami, Florida, United States', 10),
 (5, '403 ZouZou Ave, Miami, Florida, United States', 31),
 (1, '404 ZouZou St, Chicago, Illinois, United States', 4),
 (1, '404 ZouZou St, Chicago, Illinois, United States', 0),
 (1, '404 ZouZou St, Chicago, Illinois, United States', 32),
 (3, '414 ZouZou Rd, Moscow, Russia', 28),
 (1, '404 ZouZou St, Chicago, Illinois, United States', 34),
 (1, '404 ZouZou St, Chicago, Illinois, United States', 35),
 (1, '404 ZouZou St, Chicago, Illinois, United States', 19),
 (1, '404 ZouZou St, Chicago, Illinois, United States', 25),
 (1, '404 ZouZou St, Chicago, Illinois, United States', 33),
 (1, '404 ZouZou St, Chicago, Illinois, United States', 16),
 (1, '404 ZouZou St, Chicago, Illinois, United States', 6),
 (2, '404 ZouZou St, Chicago, Illinois, United States', 36),
 (2, '404 ZouZou St, Chicago, Illinois, United States', 28),
 (2, '404 ZouZou St, Chicago, Illinois, United States', 8),
 (2, '404 ZouZou St, Chicago, Illinois, United States', 4),
 (2, '404 ZouZou St, Chicago, Illinois, United States', 10),
 (2, '404 ZouZou St, Chicago, Illinois, United States', 11),
 (3, '404 ZouZou St, Chicago, Illinois, United States', 11),
 (3, '404 ZouZou St, Chicago, Illinois, United States', 36),
 (3, '404 ZouZou St, Chicago, Illinois, United States', 0),
 (3, '404 ZouZou St, Chicago, Illinois, United States', 7),
 (3, '404 ZouZou St, Chicago, Illinois, United States', 1),
 (3, '404 ZouZou St, Chicago, Illinois, United States', 21),
 (3, '404 ZouZou St, Chicago, Illinois, United States', 33),
 (3, '404 ZouZou St, Chicago, Illinois, United States', 32),
 (4, '404 ZouZou St, Chicago, Illinois, United States', 21),
 (4, '404 ZouZou St, Chicago, Illinois, United States', 9),
 (4, '404 ZouZou St, Chicago, Illinois, United States', 18),
 (4, '404 ZouZou St, Chicago, Illinois, United States', 0),
 (5, '404 ZouZou St, Chicago, Illinois, United States', 10),
 (1, '405 ZouZou Blvd, Toronto, Ontario, Canada', 16),
 (1, '405 ZouZou Blvd, Toronto, Ontario, Canada', 10),
 (1, '405 ZouZou Blvd, Toronto, Ontario, Canada', 5),
 (2, '405 ZouZou Blvd, Toronto, Ontario, Canada', 1),
 (2, '405 ZouZou Blvd, Toronto, Ontario, Canada', 29),
 (2, '405 ZouZou Blvd, Toronto, Ontario, Canada', 10),
 (2, '405 ZouZou Blvd, Toronto, Ontario, Canada', 22),
 (2, '405 ZouZou Blvd, Toronto, Ontario, Canada', 26),
 (2, '405 ZouZou Blvd, Toronto, Ontario, Canada', 11),
 (2, '405 ZouZou Blvd, Toronto, Ontario, Canada', 0),
 (2, '405 ZouZou Blvd, Toronto, Ontario, Canada', 28),
 (2, '405 ZouZou Blvd, Toronto, Ontario, Canada', 13),
 (2, '405 ZouZou Blvd, Toronto, Ontario, Canada', 33),
 (2, '405 ZouZou Blvd, Toronto, Ontario, Canada', 12),
 (2, '405 ZouZou Blvd, Toronto, Ontario, Canada', 8),
 (2, '405 ZouZou Blvd, Toronto, Ontario, Canada', 24),
 (3, '405 ZouZou Blvd, Toronto, Ontario, Canada', 21),
 (3, '405 ZouZou Blvd, Toronto, Ontario, Canada', 10),
 (3, '405 ZouZou Blvd, Toronto, Ontario, Canada', 33),
 (3, '405 ZouZou Blvd, Toronto, Ontario, Canada', 14),
 (3, '405 ZouZou Blvd, Toronto, Ontario, Canada', 6),
 (3, '405 ZouZou Blvd, Toronto, Ontario, Canada', 35),
 (4, '405 ZouZou Blvd, Toronto, Ontario, Canada', 12),
 (4, '405 ZouZou Blvd, Toronto, Ontario, Canada', 35),
 (4, '405 ZouZou Blvd, Toronto, Ontario, Canada', 25),
 (4, '405 ZouZou Blvd, Toronto, Ontario, Canada', 14),
 (4, '405 ZouZou Blvd, Toronto, Ontario, Canada', 33),
 (4, '405 ZouZou Blvd, Toronto, Ontario, Canada', 32),
 (4, '405 ZouZou Blvd, Toronto, Ontario, Canada', 7),
 (4, '405 ZouZou Blvd, Toronto, Ontario, Canada', 5),
 (4, '405 ZouZou Blvd, Toronto, Ontario, Canada', 1),
 (4, '405 ZouZou Blvd, Toronto, Ontario, Canada', 22),
 (4, '405 ZouZou Blvd, Toronto, Ontario, Canada', 3),
 (4, '405 ZouZou Blvd, Toronto, Ontario, Canada', 29),
 (5, '405 ZouZou Blvd, Toronto, Ontario, Canada', 35),
 (5, '405 ZouZou Blvd, Toronto, Ontario, Canada', 18),
 (5, '405 ZouZou Blvd, Toronto, Ontario, Canada', 34),
 (5, '405 ZouZou Blvd, Toronto, Ontario, Canada', 5),
 (5, '405 ZouZou Blvd, Toronto, Ontario, Canada', 6),
 (5, '405 ZouZou Blvd, Toronto, Ontario, Canada', 9),
 (5, '405 ZouZou Blvd, Toronto, Ontario, Canada', 31),
 (5, '405 ZouZou Blvd, Toronto, Ontario, Canada', 4),
 (5, '405 ZouZou Blvd, Toronto, Ontario, Canada', 33),
 (5, '405 ZouZou Blvd, Toronto, Ontario, Canada', 7),
 (5, '405 ZouZou Blvd, Toronto, Ontario, Canada', 22),
 (5, '405 ZouZou Blvd, Toronto, Ontario, Canada', 21),
 (1, '406 ZouZou Rd, London, United Kingdom', 2),
 (1, '406 ZouZou Rd, London, United Kingdom', 34),
 (1, '406 ZouZou Rd, London, United Kingdom', 33),
 (1, '406 ZouZou Rd, London, United Kingdom', 30),
 (1, '406 ZouZou Rd, London, United Kingdom', 22),
 (1, '406 ZouZou Rd, London, United Kingdom', 11),
 (1, '406 ZouZou Rd, London, United Kingdom', 16),
 (1, '406 ZouZou Rd, London, United Kingdom', 27),
 (1, '406 ZouZou Rd, London, United Kingdom', 9),
 (1, '406 ZouZou Rd, London, United Kingdom', 32),
 (1, '406 ZouZou Rd, London, United Kingdom', 10),
 (1, '406 ZouZou Rd, London, United Kingdom', 36),
 (1, '406 ZouZou Rd, London, United Kingdom', 28),
 (2, '406 ZouZou Rd, London, United Kingdom', 0),
 (2, '406 ZouZou Rd, London, United Kingdom', 3),
 (2, '406 ZouZou Rd, London, United Kingdom', 14),
 (3, '414 ZouZou Rd, Moscow, Russia', 17),
 (2, '406 ZouZou Rd, London, United Kingdom', 32),
 (2, '406 ZouZou Rd, London, United Kingdom', 2),
 (3, '406 ZouZou Rd, London, United Kingdom', 30),
 (3, '406 ZouZou Rd, London, United Kingdom', 18),
 (3, '406 ZouZou Rd, London, United Kingdom', 22),
 (3, '406 ZouZou Rd, London, United Kingdom', 8),
 (3, '406 ZouZou Rd, London, United Kingdom', 12),
 (3, '406 ZouZou Rd, London, United Kingdom', 32),
 (3, '406 ZouZou Rd, London, United Kingdom', 19),
 (4, '406 ZouZou Rd, London, United Kingdom', 10),
 (4, '406 ZouZou Rd, London, United Kingdom', 11),
 (4, '406 ZouZou Rd, London, United Kingdom', 30),
 (4, '406 ZouZou Rd, London, United Kingdom', 25),
 (4, '406 ZouZou Rd, London, United Kingdom', 24),
 (5, '406 ZouZou Rd, London, United Kingdom', 18),
 (5, '406 ZouZou Rd, London, United Kingdom', 32),
 (5, '406 ZouZou Rd, London, United Kingdom', 19),
 (5, '406 ZouZou Rd, London, United Kingdom', 16),
 (5, '406 ZouZou Rd, London, United Kingdom', 17),
 (5, '406 ZouZou Rd, London, United Kingdom', 3),
 (5, '406 ZouZou Rd, London, United Kingdom', 9),
 (5, '406 ZouZou Rd, London, United Kingdom', 26),
 (1, '407 ZouZou Ave, Paris, France', 2),
 (1, '407 ZouZou Ave, Paris, France', 35),
 (1, '407 ZouZou Ave, Paris, France', 17),
 (1, '407 ZouZou Ave, Paris, France', 27),
 (1, '407 ZouZou Ave, Paris, France', 29),
 (1, '407 ZouZou Ave, Paris, France', 21),
 (1, '407 ZouZou Ave, Paris, France', 14),
 (1, '407 ZouZou Ave, Paris, France', 15),
 (2, '407 ZouZou Ave, Paris, France', 18),
 (2, '407 ZouZou Ave, Paris, France', 11),
 (3, '407 ZouZou Ave, Paris, France', 33),
 (3, '407 ZouZou Ave, Paris, France', 17),
 (3, '407 ZouZou Ave, Paris, France', 21),
 (3, '407 ZouZou Ave, Paris, France', 32),
 (3, '407 ZouZou Ave, Paris, France', 29),
 (3, '407 ZouZou Ave, Paris, France', 0),
 (3, '407 ZouZou Ave, Paris, France', 6),
 (4, '407 ZouZou Ave, Paris, France', 25),
 (4, '407 ZouZou Ave, Paris, France', 3),
 (4, '407 ZouZou Ave, Paris, France', 14),
 (4, '407 ZouZou Ave, Paris, France', 9),
 (4, '407 ZouZou Ave, Paris, France', 21),
 (4, '407 ZouZou Ave, Paris, France', 23),
 (4, '407 ZouZou Ave, Paris, France', 22),
 (4, '407 ZouZou Ave, Paris, France', 10),
 (4, '407 ZouZou Ave, Paris, France', 1),
 (5, '407 ZouZou Ave, Paris, France', 15),
 (5, '407 ZouZou Ave, Paris, France', 26),
 (5, '407 ZouZou Ave, Paris, France', 34),
 (5, '407 ZouZou Ave, Paris, France', 19),
 (5, '407 ZouZou Ave, Paris, France', 24),
 (5, '407 ZouZou Ave, Paris, France', 5),
 (5, '407 ZouZou Ave, Paris, France', 8),
 (1, '408 ZouZou St, Tokyo, Japan', 2),
 (1, '408 ZouZou St, Tokyo, Japan', 25),
 (1, '408 ZouZou St, Tokyo, Japan', 35),
 (1, '408 ZouZou St, Tokyo, Japan', 30),
 (2, '408 ZouZou St, Tokyo, Japan', 6),
 (2, '408 ZouZou St, Tokyo, Japan', 9),
 (2, '408 ZouZou St, Tokyo, Japan', 11),
 (2, '408 ZouZou St, Tokyo, Japan', 0),
 (2, '408 ZouZou St, Tokyo, Japan', 21),
 (2, '408 ZouZou St, Tokyo, Japan', 12),
 (2, '408 ZouZou St, Tokyo, Japan', 16),
 (2, '408 ZouZou St, Tokyo, Japan', 10),
 (2, '408 ZouZou St, Tokyo, Japan', 34),
 (2, '408 ZouZou St, Tokyo, Japan', 33),
 (2, '408 ZouZou St, Tokyo, Japan', 7),
 (2, '408 ZouZou St, Tokyo, Japan', 19),
 (2, '408 ZouZou St, Tokyo, Japan', 24),
 (2, '408 ZouZou St, Tokyo, Japan', 25),
 (2, '408 ZouZou St, Tokyo, Japan', 36),
 (2, '408 ZouZou St, Tokyo, Japan', 35),
 (3, '408 ZouZou St, Tokyo, Japan', 19),
 (3, '408 ZouZou St, Tokyo, Japan', 9),
 (3, '408 ZouZou St, Tokyo, Japan', 31),
 (3, '408 ZouZou St, Tokyo, Japan', 3),
 (4, '408 ZouZou St, Tokyo, Japan', 14),
 (4, '408 ZouZou St, Tokyo, Japan', 28),
 (4, '408 ZouZou St, Tokyo, Japan', 35),
 (4, '408 ZouZou St, Tokyo, Japan', 25),
 (4, '408 ZouZou St, Tokyo, Japan', 21),
 (4, '408 ZouZou St, Tokyo, Japan', 18),
 (4, '408 ZouZou St, Tokyo, Japan', 0),
 (4, '408 ZouZou St, Tokyo, Japan', 11),
 (4, '408 ZouZou St, Tokyo, Japan', 9),
 (4, '408 ZouZou St, Tokyo, Japan', 3),
 (4, '408 ZouZou St, Tokyo, Japan', 34),
 (5, '408 ZouZou St, Tokyo, Japan', 24),
 (5, '408 ZouZou St, Tokyo, Japan', 27),
 (5, '408 ZouZou St, Tokyo, Japan', 18),
 (5, '408 ZouZou St, Tokyo, Japan', 13),
 (5, '408 ZouZou St, Tokyo, Japan', 19),
 (5, '408 ZouZou St, Tokyo, Japan', 8),
 (5, '408 ZouZou St, Tokyo, Japan', 30),
 (5, '408 ZouZou St, Tokyo, Japan', 34),
 (5, '408 ZouZou St, Tokyo, Japan', 28),
 (5, '408 ZouZou St, Tokyo, Japan', 36),
 (1, '409 ZouZou Blvd, Sydney, Australia', 0),
 (2, '409 ZouZou Blvd, Sydney, Australia', 34),
 (2, '409 ZouZou Blvd, Sydney, Australia', 6),
 (2, '409 ZouZou Blvd, Sydney, Australia', 22),
 (3, '409 ZouZou Blvd, Sydney, Australia', 7),
 (4, '409 ZouZou Blvd, Sydney, Australia', 7),
 (4, '409 ZouZou Blvd, Sydney, Australia', 31),
 (4, '409 ZouZou Blvd, Sydney, Australia', 27),
 (4, '409 ZouZou Blvd, Sydney, Australia', 4),
 (4, '409 ZouZou Blvd, Sydney, Australia', 15),
 (4, '409 ZouZou Blvd, Sydney, Australia', 5),
 (4, '409 ZouZou Blvd, Sydney, Australia', 2),
 (4, '409 ZouZou Blvd, Sydney, Australia', 1),
 (4, '409 ZouZou Blvd, Sydney, Australia', 23),
 (4, '409 ZouZou Blvd, Sydney, Australia', 34),
 (4, '409 ZouZou Blvd, Sydney, Australia', 0),
 (4, '409 ZouZou Blvd, Sydney, Australia', 14),
 (5, '409 ZouZou Blvd, Sydney, Australia', 8),
 (5, '409 ZouZou Blvd, Sydney, Australia', 7),
 (5, '409 ZouZou Blvd, Sydney, Australia', 28),
 (5, '409 ZouZou Blvd, Sydney, Australia', 25),
 (5, '409 ZouZou Blvd, Sydney, Australia', 35),
 (1, '410 ZouZou Rd, Rio de Janeiro, Brazil', 15),
 (1, '410 ZouZou Rd, Rio de Janeiro, Brazil', 36),
 (1, '410 ZouZou Rd, Rio de Janeiro, Brazil', 3),
 (1, '410 ZouZou Rd, Rio de Janeiro, Brazil', 2),
 (1, '410 ZouZou Rd, Rio de Janeiro, Brazil', 11),
 (2, '410 ZouZou Rd, Rio de Janeiro, Brazil', 6),
 (2, '410 ZouZou Rd, Rio de Janeiro, Brazil', 14),
 (2, '410 ZouZou Rd, Rio de Janeiro, Brazil', 35),
 (2, '410 ZouZou Rd, Rio de Janeiro, Brazil', 24),
 (2, '410 ZouZou Rd, Rio de Janeiro, Brazil', 1),
 (2, '410 ZouZou Rd, Rio de Janeiro, Brazil', 16),
 (2, '410 ZouZou Rd, Rio de Janeiro, Brazil', 9),
 (2, '410 ZouZou Rd, Rio de Janeiro, Brazil', 31),
 (2, '410 ZouZou Rd, Rio de Janeiro, Brazil', 4),
 (2, '410 ZouZou Rd, Rio de Janeiro, Brazil', 28),
 (2, '410 ZouZou Rd, Rio de Janeiro, Brazil', 17),
 (2, '410 ZouZou Rd, Rio de Janeiro, Brazil', 34),
 (3, '410 ZouZou Rd, Rio de Janeiro, Brazil', 4),
 (3, '410 ZouZou Rd, Rio de Janeiro, Brazil', 27),
 (3, '410 ZouZou Rd, Rio de Janeiro, Brazil', 18),
 (3, '410 ZouZou Rd, Rio de Janeiro, Brazil', 8),
 (3, '410 ZouZou Rd, Rio de Janeiro, Brazil', 19),
 (3, '410 ZouZou Rd, Rio de Janeiro, Brazil', 21),
 (4, '410 ZouZou Rd, Rio de Janeiro, Brazil', 24),
 (4, '410 ZouZou Rd, Rio de Janeiro, Brazil', 20),
 (4, '410 ZouZou Rd, Rio de Janeiro, Brazil', 14),
 (4, '410 ZouZou Rd, Rio de Janeiro, Brazil', 11),
 (4, '410 ZouZou Rd, Rio de Janeiro, Brazil', 5),
 (5, '410 ZouZou Rd, Rio de Janeiro, Brazil', 18),
 (5, '410 ZouZou Rd, Rio de Janeiro, Brazil', 35),
 (5, '410 ZouZou Rd, Rio de Janeiro, Brazil', 33),
 (5, '410 ZouZou Rd, Rio de Janeiro, Brazil', 22),
 (5, '410 ZouZou Rd, Rio de Janeiro, Brazil', 1),
 (5, '410 ZouZou Rd, Rio de Janeiro, Brazil', 21),
 (5, '410 ZouZou Rd, Rio de Janeiro, Brazil', 17),
 (5, '410 ZouZou Rd, Rio de Janeiro, Brazil', 14),
 (5, '410 ZouZou Rd, Rio de Janeiro, Brazil', 9),
 (5, '410 ZouZou Rd, Rio de Janeiro, Brazil', 28),
 (5, '410 ZouZou Rd, Rio de Janeiro, Brazil', 29),
 (5, '410 ZouZou Rd, Rio de Janeiro, Brazil', 6),
 (5, '410 ZouZou Rd, Rio de Janeiro, Brazil', 12),
 (5, '410 ZouZou Rd, Rio de Janeiro, Brazil', 19),
 (5, '410 ZouZou Rd, Rio de Janeiro, Brazil', 32),
 (5, '410 ZouZou Rd, Rio de Janeiro, Brazil', 5),
 (5, '410 ZouZou Rd, Rio de Janeiro, Brazil', 26),
 (5, '410 ZouZou Rd, Rio de Janeiro, Brazil', 3),
 (1, '411 ZouZou Ave, Cape Town, South Africa', 36),
 (1, '411 ZouZou Ave, Cape Town, South Africa', 18),
 (1, '411 ZouZou Ave, Cape Town, South Africa', 32),
 (1, '411 ZouZou Ave, Cape Town, South Africa', 20),
 (1, '411 ZouZou Ave, Cape Town, South Africa', 31),
 (2, '411 ZouZou Ave, Cape Town, South Africa', 25),
 (2, '411 ZouZou Ave, Cape Town, South Africa', 11),
 (2, '411 ZouZou Ave, Cape Town, South Africa', 29),
 (2, '411 ZouZou Ave, Cape Town, South Africa', 7),
 (2, '411 ZouZou Ave, Cape Town, South Africa', 20),
 (3, '411 ZouZou Ave, Cape Town, South Africa', 21),
 (3, '411 ZouZou Ave, Cape Town, South Africa', 24),
 (3, '411 ZouZou Ave, Cape Town, South Africa', 17),
 (3, '411 ZouZou Ave, Cape Town, South Africa', 13),
 (3, '411 ZouZou Ave, Cape Town, South Africa', 30),
 (3, '411 ZouZou Ave, Cape Town, South Africa', 22),
 (4, '411 ZouZou Ave, Cape Town, South Africa', 36),
 (4, '411 ZouZou Ave, Cape Town, South Africa', 6),
 (4, '411 ZouZou Ave, Cape Town, South Africa', 19),
 (4, '411 ZouZou Ave, Cape Town, South Africa', 4),
 (4, '411 ZouZou Ave, Cape Town, South Africa', 10),
 (4, '411 ZouZou Ave, Cape Town, South Africa', 24),
 (4, '411 ZouZou Ave, Cape Town, South Africa', 23),
 (4, '411 ZouZou Ave, Cape Town, South Africa', 9),
 (4, '411 ZouZou Ave, Cape Town, South Africa', 21),
 (4, '411 ZouZou Ave, Cape Town, South Africa', 32),
 (4, '411 ZouZou Ave, Cape Town, South Africa', 7),
 (4, '411 ZouZou Ave, Cape Town, South Africa', 18),
 (4, '411 ZouZou Ave, Cape Town, South Africa', 5),
 (4, '411 ZouZou Ave, Cape Town, South Africa', 34),
 (4, '411 ZouZou Ave, Cape Town, South Africa', 30),
 (5, '411 ZouZou Ave, Cape Town, South Africa', 21),
 (5, '411 ZouZou Ave, Cape Town, South Africa', 8),
 (5, '411 ZouZou Ave, Cape Town, South Africa', 31),
 (5, '411 ZouZou Ave, Cape Town, South Africa', 9),
 (5, '411 ZouZou Ave, Cape Town, South Africa', 7),
 (5, '411 ZouZou Ave, Cape Town, South Africa', 34),
 (5, '411 ZouZou Ave, Cape Town, South Africa', 36),
 (5, '411 ZouZou Ave, Cape Town, South Africa', 19),
 (5, '411 ZouZou Ave, Cape Town, South Africa', 23),
 (5, '411 ZouZou Ave, Cape Town, South Africa', 20),
 (5, '411 ZouZou Ave, Cape Town, South Africa', 25),
 (1, '412 ZouZou St, Dubai, United Arab Emirates', 18),
 (1, '412 ZouZou St, Dubai, United Arab Emirates', 25),
 (1, '412 ZouZou St, Dubai, United Arab Emirates', 23),
 (1, '412 ZouZou St, Dubai, United Arab Emirates', 6),
 (1, '412 ZouZou St, Dubai, United Arab Emirates', 15),
 (1, '412 ZouZou St, Dubai, United Arab Emirates', 7),
 (1, '412 ZouZou St, Dubai, United Arab Emirates', 3),
 (1, '412 ZouZou St, Dubai, United Arab Emirates', 12),
 (1, '412 ZouZou St, Dubai, United Arab Emirates', 33),
 (1, '412 ZouZou St, Dubai, United Arab Emirates', 28),
 (1, '412 ZouZou St, Dubai, United Arab Emirates', 32),
 (1, '412 ZouZou St, Dubai, United Arab Emirates', 0),
 (2, '412 ZouZou St, Dubai, United Arab Emirates', 10),
 (2, '412 ZouZou St, Dubai, United Arab Emirates', 33),
 (2, '412 ZouZou St, Dubai, United Arab Emirates', 22),
 (2, '412 ZouZou St, Dubai, United Arab Emirates', 7),
 (2, '412 ZouZou St, Dubai, United Arab Emirates', 36),
 (3, '412 ZouZou St, Dubai, United Arab Emirates', 18),
 (3, '412 ZouZou St, Dubai, United Arab Emirates', 20),
 (3, '412 ZouZou St, Dubai, United Arab Emirates', 30),
 (3, '412 ZouZou St, Dubai, United Arab Emirates', 16),
 (3, '412 ZouZou St, Dubai, United Arab Emirates', 14),
 (3, '412 ZouZou St, Dubai, United Arab Emirates', 12),
 (3, '412 ZouZou St, Dubai, United Arab Emirates', 21),
 (3, '412 ZouZou St, Dubai, United Arab Emirates', 34),
 (4, '412 ZouZou St, Dubai, United Arab Emirates', 35),
 (4, '412 ZouZou St, Dubai, United Arab Emirates', 7),
 (4, '412 ZouZou St, Dubai, United Arab Emirates', 32),
 (4, '412 ZouZou St, Dubai, United Arab Emirates', 18),
 (4, '412 ZouZou St, Dubai, United Arab Emirates', 29),
 (4, '412 ZouZou St, Dubai, United Arab Emirates', 15),
 (4, '412 ZouZou St, Dubai, United Arab Emirates', 8),
 (4, '412 ZouZou St, Dubai, United Arab Emirates', 21),
 (4, '412 ZouZou St, Dubai, United Arab Emirates', 13),
 (4, '412 ZouZou St, Dubai, United Arab Emirates', 16),
 (5, '412 ZouZou St, Dubai, United Arab Emirates', 7),
 (5, '412 ZouZou St, Dubai, United Arab Emirates', 0),
 (5, '412 ZouZou St, Dubai, United Arab Emirates', 36),
 (1, '413 ZouZou Blvd, Shanghai, China', 33),
 (1, '413 ZouZou Blvd, Shanghai, China', 14),
 (1, '413 ZouZou Blvd, Shanghai, China', 7),
 (1, '413 ZouZou Blvd, Shanghai, China', 27),
 (1, '413 ZouZou Blvd, Shanghai, China', 15),
 (1, '413 ZouZou Blvd, Shanghai, China', 18),
 (1, '413 ZouZou Blvd, Shanghai, China', 35),
 (2, '413 ZouZou Blvd, Shanghai, China', 30),
 (2, '413 ZouZou Blvd, Shanghai, China', 31),
 (2, '413 ZouZou Blvd, Shanghai, China', 11),
 (2, '413 ZouZou Blvd, Shanghai, China', 29),
 (3, '413 ZouZou Blvd, Shanghai, China', 19),
 (3, '413 ZouZou Blvd, Shanghai, China', 24),
 (3, '413 ZouZou Blvd, Shanghai, China', 26),
 (3, '413 ZouZou Blvd, Shanghai, China', 27),
 (3, '413 ZouZou Blvd, Shanghai, China', 11),
 (3, '413 ZouZou Blvd, Shanghai, China', 32),
 (4, '413 ZouZou Blvd, Shanghai, China', 21),
 (4, '413 ZouZou Blvd, Shanghai, China', 29),
 (4, '413 ZouZou Blvd, Shanghai, China', 32),
 (4, '413 ZouZou Blvd, Shanghai, China', 19),
 (4, '413 ZouZou Blvd, Shanghai, China', 30),
 (4, '413 ZouZou Blvd, Shanghai, China', 10),
 (5, '413 ZouZou Blvd, Shanghai, China', 4),
 (5, '413 ZouZou Blvd, Shanghai, China', 19),
 (5, '413 ZouZou Blvd, Shanghai, China', 28),
 (1, '414 ZouZou Rd, Moscow, Russia', 7),
 (1, '414 ZouZou Rd, Moscow, Russia', 2),
 (1, '414 ZouZou Rd, Moscow, Russia', 25),
 (1, '414 ZouZou Rd, Moscow, Russia', 28),
 (1, '414 ZouZou Rd, Moscow, Russia', 36),
 (1, '414 ZouZou Rd, Moscow, Russia', 26),
 (1, '414 ZouZou Rd, Moscow, Russia', 20),
 (1, '414 ZouZou Rd, Moscow, Russia', 19),
 (1, '414 ZouZou Rd, Moscow, Russia', 1),
 (1, '414 ZouZou Rd, Moscow, Russia', 8),
 (2, '414 ZouZou Rd, Moscow, Russia', 15),
 (2, '414 ZouZou Rd, Moscow, Russia', 6),
 (2, '414 ZouZou Rd, Moscow, Russia', 29),
 (2, '414 ZouZou Rd, Moscow, Russia', 7),
 (2, '414 ZouZou Rd, Moscow, Russia', 22),
 (3, '414 ZouZou Rd, Moscow, Russia', 3),
 (3, '414 ZouZou Rd, Moscow, Russia', 7),
 (3, '414 ZouZou Rd, Moscow, Russia', 32),
 (3, '414 ZouZou Rd, Moscow, Russia', 20),
 (3, '414 ZouZou Rd, Moscow, Russia', 27),
 (3, '414 ZouZou Rd, Moscow, Russia', 25),
 (3, '414 ZouZou Rd, Moscow, Russia', 5),
 (3, '414 ZouZou Rd, Moscow, Russia', 31),
 (3, '414 ZouZou Rd, Moscow, Russia', 10),
 (3, '414 ZouZou Rd, Moscow, Russia', 11),
 (4, '414 ZouZou Rd, Moscow, Russia', 26),
 (4, '414 ZouZou Rd, Moscow, Russia', 14),
 (4, '414 ZouZou Rd, Moscow, Russia', 30),
 (5, '414 ZouZou Rd, Moscow, Russia', 29),
 (5, '414 ZouZou Rd, Moscow, Russia', 6),
 (5, '414 ZouZou Rd, Moscow, Russia', 32),
 (5, '414 ZouZou Rd, Moscow, Russia', 19),
 (1, '415 ZouZou Ave, Rome, Italy', 1),
 (1, '415 ZouZou Ave, Rome, Italy', 26),
 (1, '415 ZouZou Ave, Rome, Italy', 0),
 (1, '415 ZouZou Ave, Rome, Italy', 35),
 (1, '415 ZouZou Ave, Rome, Italy', 29),
 (1, '415 ZouZou Ave, Rome, Italy', 32),
 (1, '415 ZouZou Ave, Rome, Italy', 17),
 (1, '415 ZouZou Ave, Rome, Italy', 33),
 (1, '415 ZouZou Ave, Rome, Italy', 22),
 (1, '415 ZouZou Ave, Rome, Italy', 7),
 (2, '415 ZouZou Ave, Rome, Italy', 14),
 (2, '415 ZouZou Ave, Rome, Italy', 24),
 (2, '415 ZouZou Ave, Rome, Italy', 5),
 (2, '415 ZouZou Ave, Rome, Italy', 18),
 (2, '415 ZouZou Ave, Rome, Italy', 22),
 (2, '415 ZouZou Ave, Rome, Italy', 13),
 (2, '415 ZouZou Ave, Rome, Italy', 28),
 (2, '415 ZouZou Ave, Rome, Italy', 36),
 (2, '415 ZouZou Ave, Rome, Italy', 0),
 (2, '415 ZouZou Ave, Rome, Italy', 29),
 (2, '415 ZouZou Ave, Rome, Italy', 15),
 (2, '415 ZouZou Ave, Rome, Italy', 10),
 (2, '415 ZouZou Ave, Rome, Italy', 3),
 (3, '415 ZouZou Ave, Rome, Italy', 12),
 (3, '415 ZouZou Ave, Rome, Italy', 5),
 (3, '415 ZouZou Ave, Rome, Italy', 2),
 (4, '415 ZouZou Ave, Rome, Italy', 26),
 (4, '415 ZouZou Ave, Rome, Italy', 13),
 (5, '415 ZouZou Ave, Rome, Italy', 0),
 (5, '415 ZouZou Ave, Rome, Italy', 32),
 (5, '415 ZouZou Ave, Rome, Italy', 6),
 (5, '415 ZouZou Ave, Rome, Italy', 24),
 (5, '415 ZouZou Ave, Rome, Italy', 19),
 (5, '415 ZouZou Ave, Rome, Italy', 15),
 (5, '415 ZouZou Ave, Rome, Italy', 7),
 (5, '415 ZouZou Ave, Rome, Italy', 1),
 (5, '415 ZouZou Ave, Rome, Italy', 9),
 (5, '415 ZouZou Ave, Rome, Italy', 2),
 (5, '415 ZouZou Ave, Rome, Italy', 36),
 (1, '416 ZouZou St, Istanbul, Turkey', 23),
 (1, '416 ZouZou St, Istanbul, Turkey', 7),
 (1, '416 ZouZou St, Istanbul, Turkey', 32),
 (2, '416 ZouZou St, Istanbul, Turkey', 33),
 (2, '416 ZouZou St, Istanbul, Turkey', 30),
 (2, '416 ZouZou St, Istanbul, Turkey', 24),
 (2, '416 ZouZou St, Istanbul, Turkey', 20),
 (2, '416 ZouZou St, Istanbul, Turkey', 6),
 (2, '416 ZouZou St, Istanbul, Turkey', 13),
 (2, '416 ZouZou St, Istanbul, Turkey', 4),
 (2, '416 ZouZou St, Istanbul, Turkey', 1),
 (2, '416 ZouZou St, Istanbul, Turkey', 9),
 (2, '416 ZouZou St, Istanbul, Turkey', 19),
 (3, '416 ZouZou St, Istanbul, Turkey', 30),
 (3, '416 ZouZou St, Istanbul, Turkey', 25),
 (3, '416 ZouZou St, Istanbul, Turkey', 13),
 (3, '416 ZouZou St, Istanbul, Turkey', 36),
 (3, '416 ZouZou St, Istanbul, Turkey', 33),
 (3, '416 ZouZou St, Istanbul, Turkey', 29),
 (3, '416 ZouZou St, Istanbul, Turkey', 19),
 (3, '416 ZouZou St, Istanbul, Turkey', 23),
 (3, '416 ZouZou St, Istanbul, Turkey', 26),
 (3, '416 ZouZou St, Istanbul, Turkey', 5),
 (3, '416 ZouZou St, Istanbul, Turkey', 10),
 (4, '416 ZouZou St, Istanbul, Turkey', 14),
 (4, '416 ZouZou St, Istanbul, Turkey', 34),
 (4, '416 ZouZou St, Istanbul, Turkey', 35),
 (4, '416 ZouZou St, Istanbul, Turkey', 21),
 (4, '416 ZouZou St, Istanbul, Turkey', 12),
 (4, '416 ZouZou St, Istanbul, Turkey', 8),
 (5, '416 ZouZou St, Istanbul, Turkey', 17),
 (1, '417 ZouZou Blvd, Athens, Greece', 6),
 (1, '417 ZouZou Blvd, Athens, Greece', 9),
 (2, '417 ZouZou Blvd, Athens, Greece', 26),
 (2, '417 ZouZou Blvd, Athens, Greece', 1),
 (2, '417 ZouZou Blvd, Athens, Greece', 11),
 (2, '417 ZouZou Blvd, Athens, Greece', 9),
 (2, '417 ZouZou Blvd, Athens, Greece', 30),
 (2, '417 ZouZou Blvd, Athens, Greece', 19),
 (2, '417 ZouZou Blvd, Athens, Greece', 2),
 (2, '417 ZouZou Blvd, Athens, Greece', 5),
 (2, '417 ZouZou Blvd, Athens, Greece', 21),
 (3, '417 ZouZou Blvd, Athens, Greece', 8),
 (3, '417 ZouZou Blvd, Athens, Greece', 33),
 (3, '417 ZouZou Blvd, Athens, Greece', 23),
 (3, '417 ZouZou Blvd, Athens, Greece', 18),
 (3, '417 ZouZou Blvd, Athens, Greece', 13),
 (3, '417 ZouZou Blvd, Athens, Greece', 2),
 (3, '417 ZouZou Blvd, Athens, Greece', 5),
 (3, '417 ZouZou Blvd, Athens, Greece', 7),
 (3, '417 ZouZou Blvd, Athens, Greece', 36),
 (4, '417 ZouZou Blvd, Athens, Greece', 9),
 (4, '417 ZouZou Blvd, Athens, Greece', 34),
 (4, '417 ZouZou Blvd, Athens, Greece', 30),
 (4, '417 ZouZou Blvd, Athens, Greece', 22),
 (4, '417 ZouZou Blvd, Athens, Greece', 7),
 (4, '417 ZouZou Blvd, Athens, Greece', 1),
 (4, '417 ZouZou Blvd, Athens, Greece', 13),
 (4, '417 ZouZou Blvd, Athens, Greece', 11),
 (4, '417 ZouZou Blvd, Athens, Greece', 14),
 (4, '417 ZouZou Blvd, Athens, Greece', 31),
 (5, '417 ZouZou Blvd, Athens, Greece', 5),
 (5, '417 ZouZou Blvd, Athens, Greece', 20),
 (5, '417 ZouZou Blvd, Athens, Greece', 30),
 (5, '417 ZouZou Blvd, Athens, Greece', 17),
 (5, '417 ZouZou Blvd, Athens, Greece', 9),
 (5, '417 ZouZou Blvd, Athens, Greece', 22),
 (1, '418 ZouZou Rd, Vancouver, Canada', 34),
 (1, '418 ZouZou Rd, Vancouver, Canada', 9),
 (1, '418 ZouZou Rd, Vancouver, Canada', 8),
 (1, '418 ZouZou Rd, Vancouver, Canada', 18),
 (1, '418 ZouZou Rd, Vancouver, Canada', 20),
 (1, '418 ZouZou Rd, Vancouver, Canada', 35),
 (1, '418 ZouZou Rd, Vancouver, Canada', 5),
 (1, '418 ZouZou Rd, Vancouver, Canada', 14),
 (1, '418 ZouZou Rd, Vancouver, Canada', 0),
 (1, '418 ZouZou Rd, Vancouver, Canada', 7),
 (1, '418 ZouZou Rd, Vancouver, Canada', 24),
 (1, '418 ZouZou Rd, Vancouver, Canada', 2),
 (2, '418 ZouZou Rd, Vancouver, Canada', 23),
 (2, '418 ZouZou Rd, Vancouver, Canada', 35),
 (2, '418 ZouZou Rd, Vancouver, Canada', 16),
 (2, '418 ZouZou Rd, Vancouver, Canada', 36),
 (2, '418 ZouZou Rd, Vancouver, Canada', 32),
 (2, '418 ZouZou Rd, Vancouver, Canada', 7),
 (3, '418 ZouZou Rd, Vancouver, Canada', 3),
 (3, '418 ZouZou Rd, Vancouver, Canada', 0),
 (4, '418 ZouZou Rd, Vancouver, Canada', 2),
 (4, '418 ZouZou Rd, Vancouver, Canada', 36),
 (4, '418 ZouZou Rd, Vancouver, Canada', 14),
 (4, '418 ZouZou Rd, Vancouver, Canada', 1),
 (4, '418 ZouZou Rd, Vancouver, Canada', 31),
 (4, '418 ZouZou Rd, Vancouver, Canada', 35),
 (4, '418 ZouZou Rd, Vancouver, Canada', 5),
 (4, '418 ZouZou Rd, Vancouver, Canada', 13),
 (5, '418 ZouZou Rd, Vancouver, Canada', 10),
 (5, '418 ZouZou Rd, Vancouver, Canada', 11),
 (5, '418 ZouZou Rd, Vancouver, Canada', 29),
 (1, '419 ZouZou Ave, Madrid, Spain', 35),
 (1, '419 ZouZou Ave, Madrid, Spain', 2),
 (1, '419 ZouZou Ave, Madrid, Spain', 28),
 (1, '419 ZouZou Ave, Madrid, Spain', 29),
 (1, '419 ZouZou Ave, Madrid, Spain', 5),
 (1, '419 ZouZou Ave, Madrid, Spain', 0),
 (2, '419 ZouZou Ave, Madrid, Spain', 32),
 (2, '419 ZouZou Ave, Madrid, Spain', 19),
 (2, '419 ZouZou Ave, Madrid, Spain', 17),
 (2, '419 ZouZou Ave, Madrid, Spain', 22),
 (2, '419 ZouZou Ave, Madrid, Spain', 7),
 (3, '419 ZouZou Ave, Madrid, Spain', 35),
 (3, '419 ZouZou Ave, Madrid, Spain', 18),
 (3, '419 ZouZou Ave, Madrid, Spain', 26),
 (3, '419 ZouZou Ave, Madrid, Spain', 14),
 (3, '419 ZouZou Ave, Madrid, Spain', 4),
 (3, '419 ZouZou Ave, Madrid, Spain', 29),
 (4, '419 ZouZou Ave, Madrid, Spain', 8),
 (4, '419 ZouZou Ave, Madrid, Spain', 17),
 (4, '419 ZouZou Ave, Madrid, Spain', 33),
 (4, '419 ZouZou Ave, Madrid, Spain', 19),
 (4, '419 ZouZou Ave, Madrid, Spain', 22),
 (4, '419 ZouZou Ave, Madrid, Spain', 21),
 (5, '419 ZouZou Ave, Madrid, Spain', 21),
 (5, '419 ZouZou Ave, Madrid, Spain', 5),
 (5, '419 ZouZou Ave, Madrid, Spain', 6),
 (5, '419 ZouZou Ave, Madrid, Spain', 16),
 (5, '419 ZouZou Ave, Madrid, Spain', 4),
 (5, '419 ZouZou Ave, Madrid, Spain', 9),
 (5, '419 ZouZou Ave, Madrid, Spain', 2),
 (5, '419 ZouZou Ave, Madrid, Spain', 1),
 (5, '419 ZouZou Ave, Madrid, Spain', 10);
INSERT INTO Customer (customer_ssn, register_date, customer_full_name, customer_address, payed_in_advance)
VALUES ('12345', '3-31-2024', 'Mounir Ait Hamou', '123 Mounir St, Ottawa, Ontario, Canada', FALSE),
       ('67890', '3-31-2024', 'Joseph Sreih', '456 Joseph Ave, Ottawa, Ontario, Canada', TRUE);

-- Inserting data into the Employee table
INSERT INTO Employee (employee_ssn, hotel_address, employee_full_name, employee_address)
VALUES ('45678', '001 Hezi St, Montreal, Quebec, Canada', 'Hazzem Sukar', '532 Hazzem Rd, Ottawa, Ontario, Canada');